[90m4:51PM[0m [32mINF[0m [1mStarting Trust Management & Donation Accounting Backend Server...[0m
[90m4:51PM[0m [32mINF[0m [1mSuccessfully connected to MySQL database[0m

2026/08/14 16:51:09 [32mC:/Users/ARMSS GROUPS/Documents/Stationery_Management/StationaryManagement/trustManagement/backend/internal/database/db.go:73
[0m[33m[2.018ms] [34;1m[rows:1][0m SELECT * FROM `sequences` WHERE name = 'DONOR' ORDER BY `sequences`.`name` LIMIT 1

2026/08/14 16:51:09 [32mC:/Users/ARMSS GROUPS/Documents/Stationery_Management/StationaryManagement/trustManagement/backend/internal/database/db.go:73
[0m[33m[2.021ms] [34;1m[rows:1][0m SELECT * FROM `sequences` WHERE name = 'DONATION' ORDER BY `sequences`.`name` LIMIT 1

2026/08/14 16:51:09 [32mC:/Users/ARMSS GROUPS/Documents/Stationery_Management/StationaryManagement/trustManagement/backend/internal/database/db.go:73
[0m[33m[0.000ms] [34;1m[rows:1][0m SELECT * FROM `sequences` WHERE name = 'EXPENSE' ORDER BY `sequences`.`name` LIMIT 1

2026/08/14 16:51:09 [32mC:/Users/ARMSS GROUPS/Documents/Stationery_Management/StationaryManagement/trustManagement/backend/internal/database/db.go:73
[0m[33m[2.024ms] [34;1m[rows:1][0m SELECT * FROM `sequences` WHERE name = 'VOUCHER' ORDER BY `sequences`.`name` LIMIT 1

2026/08/14 16:51:09 [32mC:/Users/ARMSS GROUPS/Documents/Stationery_Management/StationaryManagement/trustManagement/backend/internal/database/db.go:90
[0m[33m[1.764ms] [34;1m[rows:1][0m SELECT count(*) FROM `users`
[GIN-debug] [WARNING] Running in "debug" mode. Switch to "release" mode in production.
 - using env:	export GIN_MODE=release
 - using code:	gin.SetMode(gin.ReleaseMode)

[GIN-debug] GET    /uploads/*filepath        --> github.com/gin-gonic/gin.(*RouterGroup).createStaticHandler.func1 (4 handlers)
[GIN-debug] HEAD   /uploads/*filepath        --> github.com/gin-gonic/gin.(*RouterGroup).createStaticHandler.func1 (4 handlers)
[GIN-debug] GET    /api/v1/health            --> main.main.func1 (4 handlers)
[GIN-debug] POST   /api/v1/auth/login        --> trust-management/backend/internal/auth.(*AuthHandler).Login-fm (4 handlers)
[GIN-debug] POST   /api/v1/auth/logout       --> trust-management/backend/internal/auth.(*AuthHandler).Logout-fm (4 handlers)
[GIN-debug] GET    /api/v1/auth/me           --> trust-management/backend/internal/auth.(*AuthHandler).Me-fm (5 handlers)
[GIN-debug] GET    /api/v1/bank-accounts     --> trust-management/backend/internal/bank.(*BankHandler).GetBankAccounts-fm (5 handlers)
[GIN-debug] GET    /api/v1/bank-accounts/active --> trust-management/backend/internal/bank.(*BankHandler).GetActiveBankAccounts-fm (5 handlers)
[GIN-debug] POST   /api/v1/bank-accounts     --> trust-management/backend/internal/bank.(*BankHandler).CreateBankAccount-fm (6 handlers)
[GIN-debug] PUT    /api/v1/bank-accounts/:id --> trust-management/backend/internal/bank.(*BankHandler).UpdateBankAccount-fm (6 handlers)
[GIN-debug] GET    /api/v1/bank-accounts/:id/transactions --> trust-management/backend/internal/bank.(*BankHandler).GetBankTransactions-fm (5 handlers)
[GIN-debug] GET    /api/v1/bank-accounts/day-summary --> trust-management/backend/internal/bank.(*BankHandler).GetBankDaySummary-fm (5 handlers)
[GIN-debug] GET    /api/v1/bank-accounts/:id/closing-status --> trust-management/backend/internal/bank.(*BankHandler).GetBankClosingStatus-fm (5 handlers)
[GIN-debug] POST   /api/v1/bank-accounts/:id/close --> trust-management/backend/internal/bank.(*BankHandler).CloseBankDay-fm (6 handlers)
[GIN-debug] POST   /api/v1/bank-accounts/close-all --> trust-management/backend/internal/bank.(*BankHandler).CloseAllBankDays-fm (6 handlers)
[GIN-debug] POST   /api/v1/bank-accounts/transfer --> trust-management/backend/internal/bank.(*BankHandler).TransferFunds-fm (6 handlers)
[GIN-debug] GET    /api/v1/users             --> trust-management/backend/internal/users.(*UserHandler).GetUsers-fm (6 handlers)
[GIN-debug] POST   /api/v1/users             --> trust-management/backend/internal/users.(*UserHandler).CreateUser-fm (6 handlers)
[GIN-debug] PUT    /api/v1/users/:id         --> trust-management/backend/internal/users.(*UserHandler).UpdateUser-fm (6 handlers)
[GIN-debug] GET    /api/v1/donors            --> trust-management/backend/internal/donor.(*DonorHandler).GetDonors-fm (5 handlers)
[GIN-debug] GET    /api/v1/donors/:id        --> trust-management/backend/internal/donor.(*DonorHandler).GetDonorByID-fm (5 handlers)
[GIN-debug] POST   /api/v1/donors            --> trust-management/backend/internal/donor.(*DonorHandler).CreateDonor-fm (5 handlers)
[GIN-debug] PUT    /api/v1/donors/:id        --> trust-management/backend/internal/donor.(*DonorHandler).UpdateDonor-fm (5 handlers)
[GIN-debug] GET    /api/v1/schemes           --> trust-management/backend/internal/scheme.(*SchemeHandler).GetSchemes-fm (5 handlers)
[GIN-debug] GET    /api/v1/schemes/active    --> trust-management/backend/internal/scheme.(*SchemeHandler).GetActiveSchemes-fm (5 handlers)
[GIN-debug] POST   /api/v1/schemes           --> trust-management/backend/internal/scheme.(*SchemeHandler).CreateScheme-fm (5 handlers)
[GIN-debug] POST   /api/v1/schemes/bulk      --> trust-management/backend/internal/scheme.(*SchemeHandler).CreateSchemesBulk-fm (5 handlers)
[GIN-debug] PUT    /api/v1/schemes/:id       --> trust-management/backend/internal/scheme.(*SchemeHandler).UpdateScheme-fm (5 handlers)
[GIN-debug] GET    /api/v1/donations         --> trust-management/backend/internal/donation.(*DonationHandler).GetDonations-fm (5 handlers)
[GIN-debug] GET    /api/v1/donations/:id     --> trust-management/backend/internal/donation.(*DonationHandler).GetDonationByID-fm (5 handlers)
[GIN-debug] POST   /api/v1/donations         --> trust-management/backend/internal/donation.(*DonationHandler).CreateDonation-fm (6 handlers)
[GIN-debug] GET    /api/v1/cash/summary      --> trust-management/backend/internal/cash.(*CashHandler).GetDailyCashSummary-fm (5 handlers)
[GIN-debug] POST   /api/v1/cash/denominations --> trust-management/backend/internal/cash.(*CashHandler).SubmitCashDenominations-fm (6 handlers)
[GIN-debug] GET    /api/v1/expenses          --> trust-management/backend/internal/expense.(*ExpenseHandler).GetExpenses-fm (5 handlers)
[GIN-debug] POST   /api/v1/expenses          --> trust-management/backend/internal/expense.(*ExpenseHandler).CreateExpense-fm (6 handlers)
[GIN-debug] GET    /api/v1/expense-categories --> trust-management/backend/internal/expensecategory.(*ExpenseCategoryHandler).GetExpenseCategories-fm (5 handlers)
[GIN-debug] GET    /api/v1/expense-categories/active --> trust-management/backend/internal/expensecategory.(*ExpenseCategoryHandler).GetActiveExpenseCategories-fm (5 handlers)
[GIN-debug] POST   /api/v1/expense-categories --> trust-management/backend/internal/expensecategory.(*ExpenseCategoryHandler).CreateExpenseCategory-fm (6 handlers)
[GIN-debug] PUT    /api/v1/expense-categories/:id --> trust-management/backend/internal/expensecategory.(*ExpenseCategoryHandler).UpdateExpenseCategory-fm (6 handlers)
[GIN-debug] GET    /api/v1/closing/status    --> trust-management/backend/internal/closing.(*ClosingHandler).GetDailyClosingStatus-fm (5 handlers)
[GIN-debug] POST   /api/v1/closing/execute   --> trust-management/backend/internal/closing.(*ClosingHandler).ExecuteDailyClosing-fm (5 handlers)
[GIN-debug] GET    /api/v1/unlock-requests   --> trust-management/backend/internal/unlock.(*UnlockHandler).GetUnlockRequests-fm (5 handlers)
[GIN-debug] POST   /api/v1/unlock-requests   --> trust-management/backend/internal/unlock.(*UnlockHandler).SubmitUnlockRequest-fm (5 handlers)
[GIN-debug] PUT    /api/v1/unlock-requests/:id/review --> trust-management/backend/internal/unlock.(*UnlockHandler).ReviewUnlockRequest-fm (6 handlers)
[GIN-debug] GET    /api/v1/audit-logs        --> trust-management/backend/internal/unlock.(*UnlockHandler).GetAuditLogs-fm (6 handlers)
[GIN-debug] GET    /api/v1/vouchers          --> trust-management/backend/internal/voucher.(*VoucherHandler).GetVouchers-fm (5 handlers)
[GIN-debug] GET    /api/v1/vouchers/:id      --> trust-management/backend/internal/voucher.(*VoucherHandler).GetVoucherByID-fm (5 handlers)
[GIN-debug] POST   /api/v1/uploads           --> trust-management/backend/internal/upload.(*UploadHandler).UploadFile-fm (5 handlers)
[GIN-debug] GET    /api/v1/reports/summary-book --> trust-management/backend/internal/report.(*ReportHandler).GetDailySummaryBook-fm (5 handlers)
[GIN-debug] GET    /api/v1/reports/yoy-comparison --> trust-management/backend/internal/report.(*ReportHandler).GetYoYComparison-fm (5 handlers)
[GIN-debug] GET    /api/v1/reports/yoy-comparison/donors --> trust-management/backend/internal/report.(*ReportHandler).GetYoYMonthDonors-fm (5 handlers)
[GIN-debug] GET    /api/v1/reports/birthdays --> trust-management/backend/internal/report.(*ReportHandler).GetBirthdayReport-fm (5 handlers)
[90m4:51PM[0m [32mINF[0m [1mBackend Server listening on :8080 (Environment: development)[0m
[GIN-debug] [WARNING] You trusted all proxies, this is NOT safe. We recommend you to set a value.
Please check https://github.com/gin-gonic/gin/blob/master/docs/doc.md#dont-trust-all-proxies for details.
[GIN-debug] Listening and serving HTTP on :8080

2026/08/14 16:51:14 [32mC:/Users/ARMSS GROUPS/Documents/Stationery_Management/StationaryManagement/trustManagement/backend/internal/cash/cash.go:34
[0m[33m[1.777ms] [34;1m[rows:1][0m SELECT COALESCE(SUM(amount), 0) FROM `cash_transactions` WHERE business_date = '2026-08-14' AND transaction_type = 'INFLOW'

2026/08/14 16:51:14 [32mC:/Users/ARMSS GROUPS/Documents/Stationery_Management/StationaryManagement/trustManagement/backend/internal/cash/cash.go:39
[0m[33m[0.870ms] [34;1m[rows:1][0m SELECT COALESCE(SUM(amount), 0) FROM `cash_transactions` WHERE business_date = '2026-08-14' AND transaction_type = 'OUTFLOW'

2026/08/14 16:51:14 [32mC:/Users/ARMSS GROUPS/Documents/Stationery_Management/StationaryManagement/trustManagement/backend/internal/cash/cash.go:42
[0m[33m[36.185ms] [34;1m[rows:1][0m SELECT * FROM `daily_closings` WHERE business_date = '2026-08-14' ORDER BY `daily_closings`.`id` LIMIT 1

2026/08/14 16:51:14 [32mC:/Users/ARMSS GROUPS/Documents/Stationery_Management/StationaryManagement/trustManagement/backend/internal/cash/cash.go:56
[0m[33m[17.887ms] [34;1m[rows:10][0m SELECT * FROM `cash_denominations` WHERE entity_type = 'DAILY_CLOSING' AND entity_id = 4

2026/08/14 16:51:14 [32mC:/Users/ARMSS GROUPS/Documents/Stationery_Management/StationaryManagement/trustManagement/backend/internal/cash/cash.go:77
[0m[33m[1.789ms] [34;1m[rows:2][0m SELECT * FROM `donors` WHERE `donors`.`id` IN (1,4)

2026/08/14 16:51:14 [32mC:/Users/ARMSS GROUPS/Documents/Stationery_Management/StationaryManagement/trustManagement/backend/internal/cash/cash.go:77
[0m[33m[2.079ms] [34;1m[rows:2][0m SELECT * FROM `schemes` WHERE `schemes`.`id` IN (7,6)

2026/08/14 16:51:14 [32mC:/Users/ARMSS GROUPS/Documents/Stationery_Management/StationaryManagement/trustManagement/backend/internal/cash/cash.go:77
[0m[33m[13.768ms] [34;1m[rows:7][0m SELECT * FROM `donations` WHERE business_date = '2026-08-14' AND payment_mode = 'CASH'

2026/08/14 16:51:14 [32mC:/Users/ARMSS GROUPS/Documents/Stationery_Management/StationaryManagement/trustManagement/backend/internal/cash/cash.go:131
[0m[33m[1.923ms] [34;1m[rows:2][0m SELECT * FROM `expenses` WHERE business_date = '2026-08-14' AND payment_mode = 'CASH'
[90m4:51PM[0m [32mINF[0m [1mHTTP Request[0m [36mip=[0m::1 [36mlatency=[0m76.5789 [36mmethod=[0mGET [36mpath=[0m/api/v1/cash/summary?date=2026-08-14 [36mstatus=[0m200

2026/08/14 16:51:14 [32mC:/Users/ARMSS GROUPS/Documents/Stationery_Management/StationaryManagement/trustManagement/backend/internal/cash/cash.go:34
[0m[33m[2.016ms] [34;1m[rows:1][0m SELECT COALESCE(SUM(amount), 0) FROM `cash_transactions` WHERE business_date = '2026-08-14' AND transaction_type = 'INFLOW'

2026/08/14 16:51:14 [32mC:/Users/ARMSS GROUPS/Documents/Stationery_Management/StationaryManagement/trustManagement/backend/internal/cash/cash.go:39
[0m[33m[0.513ms] [34;1m[rows:1][0m SELECT COALESCE(SUM(amount), 0) FROM `cash_transactions` WHERE business_date = '2026-08-14' AND transaction_type = 'OUTFLOW'

2026/08/14 16:51:14 [32mC:/Users/ARMSS GROUPS/Documents/Stationery_Management/StationaryManagement/trustManagement/backend/internal/cash/cash.go:42
[0m[33m[0.000ms] [34;1m[rows:1][0m SELECT * FROM `daily_closings` WHERE business_date = '2026-08-14' ORDER BY `daily_closings`.`id` LIMIT 1

2026/08/14 16:51:14 [32mC:/Users/ARMSS GROUPS/Documents/Stationery_Management/StationaryManagement/trustManagement/backend/internal/cash/cash.go:56
[0m[33m[1.015ms] [34;1m[rows:10][0m SELECT * FROM `cash_denominations` WHERE entity_type = 'DAILY_CLOSING' AND entity_id = 4

2026/08/14 16:51:14 [32mC:/Users/ARMSS GROUPS/Documents/Stationery_Management/StationaryManagement/trustManagement/backend/internal/cash/cash.go:77
[0m[33m[0.515ms] [34;1m[rows:2][0m SELECT * FROM `donors` WHERE `donors`.`id` IN (1,4)

2026/08/14 16:51:14 [32mC:/Users/ARMSS GROUPS/Documents/Stationery_Management/StationaryManagement/trustManagement/backend/internal/cash/cash.go:77
[0m[33m[2.018ms] [34;1m[rows:2][0m SELECT * FROM `schemes` WHERE `schemes`.`id` IN (7,6)

2026/08/14 16:51:14 [32mC:/Users/ARMSS GROUPS/Documents/Stationery_Management/StationaryManagement/trustManagement/backend/internal/cash/cash.go:77
[0m[33m[7.974ms] [34;1m[rows:7][0m SELECT * FROM `donations` WHERE business_date = '2026-08-14' AND payment_mode = 'CASH'

2026/08/14 16:51:14 [32mC:/Users/ARMSS GROUPS/Documents/Stationery_Management/StationaryManagement/trustManagement/backend/internal/cash/cash.go:131
[0m[33m[2.688ms] [34;1m[rows:2][0m SELECT * FROM `expenses` WHERE business_date = '2026-08-14' AND payment_mode = 'CASH'
[90m4:51PM[0m [32mINF[0m [1mHTTP Request[0m [36mip=[0m::1 [36mlatency=[0m20.5608 [36mmethod=[0mGET [36mpath=[0m/api/v1/cash/summary?date=2026-08-14 [36mstatus=[0m200
[90m4:51PM[0m [32mINF[0m [1mHTTP Request[0m [36mip=[0m::1 [36mlatency=[0m0 [36mmethod=[0mGET [36mpath=[0m/api/v1/health [36mstatus=[0m200

2026/08/14 16:51:37 [32mC:/Users/ARMSS GROUPS/Documents/Stationery_Management/StationaryManagement/trustManagement/backend/internal/voucher/voucher.go:28
[0m[33m[3.637ms] [34;1m[rows:21][0m SELECT * FROM `vouchers` ORDER BY id desc
[90m4:51PM[0m [32mINF[0m [1mHTTP Request[0m [36mip=[0m::1 [36mlatency=[0m12.0185 [36mmethod=[0mGET [36mpath=[0m/api/v1/vouchers?type= [36mstatus=[0m200

2026/08/14 16:51:37 [32mC:/Users/ARMSS GROUPS/Documents/Stationery_Management/StationaryManagement/trustManagement/backend/internal/voucher/voucher.go:28
[0m[33m[1.762ms] [34;1m[rows:21][0m SELECT * FROM `vouchers` ORDER BY id desc
[90m4:51PM[0m [32mINF[0m [1mHTTP Request[0m [36mip=[0m::1 [36mlatency=[0m1.7623 [36mmethod=[0mGET [36mpath=[0m/api/v1/vouchers?type= [36mstatus=[0m200
[90m4:51PM[0m [32mINF[0m [1mHTTP Request[0m [36mip=[0m::1 [36mlatency=[0m0 [36mmethod=[0mOPTIONS [36mpath=[0m/api/v1/vouchers/17 [36mstatus=[0m204
[90m4:51PM[0m [32mINF[0m [1mHTTP Request[0m [36mip=[0m::1 [36mlatency=[0m0 [36mmethod=[0mOPTIONS [36mpath=[0m/api/v1/vouchers/17 [36mstatus=[0m204

2026/08/14 16:51:39 [32mC:/Users/ARMSS GROUPS/Documents/Stationery_Management/StationaryManagement/trustManagement/backend/internal/voucher/voucher.go:52
[0m[33m[2.764ms] [34;1m[rows:1][0m SELECT * FROM `vouchers` WHERE `vouchers`.`id` = 17 ORDER BY `vouchers`.`id` LIMIT 1

2026/08/14 16:51:39 [32mC:/Users/ARMSS GROUPS/Documents/Stationery_Management/StationaryManagement/trustManagement/backend/internal/voucher/voucher.go:76
[0m[33m[1.034ms] [34;1m[rows:1][0m SELECT * FROM `donors` WHERE `donors`.`id` = 1

2026/08/14 16:51:39 [32mC:/Users/ARMSS GROUPS/Documents/Stationery_Management/StationaryManagement/trustManagement/backend/internal/voucher/voucher.go:76
[0m[33m[0.513ms] [34;1m[rows:1][0m SELECT * FROM `schemes` WHERE `schemes`.`id` = 3

2026/08/14 16:51:39 [32mC:/Users/ARMSS GROUPS/Documents/Stationery_Management/StationaryManagement/trustManagement/backend/internal/voucher/voucher.go:76
[0m[33m[3.420ms] [34;1m[rows:1][0m SELECT * FROM `donations` WHERE `donations`.`id` = 14 ORDER BY `donations`.`id` LIMIT 1

2026/08/14 16:51:39 [32mC:/Users/ARMSS GROUPS/Documents/Stationery_Management/StationaryManagement/trustManagement/backend/internal/voucher/voucher.go:90
[0m[33m[1.383ms] [34;1m[rows:1][0m SELECT * FROM `bank_accounts` WHERE `bank_accounts`.`id` = 3 ORDER BY `bank_accounts`.`id` LIMIT 1
[90m4:51PM[0m [32mINF[0m [1mHTTP Request[0m [36mip=[0m::1 [36mlatency=[0m8.4744 [36mmethod=[0mGET [36mpath=[0m/api/v1/vouchers/17 [36mstatus=[0m200

2026/08/14 16:51:39 [32mC:/Users/ARMSS GROUPS/Documents/Stationery_Management/StationaryManagement/trustManagement/backend/internal/voucher/voucher.go:52
[0m[33m[2.018ms] [34;1m[rows:1][0m SELECT * FROM `vouchers` WHERE `vouchers`.`id` = 17 ORDER BY `vouchers`.`id` LIMIT 1

2026/08/14 16:51:39 [32mC:/Users/ARMSS GROUPS/Documents/Stationery_Management/StationaryManagement/trustManagement/backend/internal/voucher/voucher.go:76
[0m[33m[0.000ms] [34;1m[rows:1][0m SELECT * FROM `donors` WHERE `donors`.`id` = 1

2026/08/14 16:51:39 [32mC:/Users/ARMSS GROUPS/Documents/Stationery_Management/StationaryManagement/trustManagement/backend/internal/voucher/voucher.go:76
[0m[33m[2.258ms] [34;1m[rows:1][0m SELECT * FROM `schemes` WHERE `schemes`.`id` = 3

2026/08/14 16:51:39 [32mC:/Users/ARMSS GROUPS/Documents/Stationery_Management/StationaryManagement/trustManagement/backend/internal/voucher/voucher.go:76
[0m[33m[5.058ms] [34;1m[rows:1][0m SELECT * FROM `donations` WHERE `donations`.`id` = 14 ORDER BY `donations`.`id` LIMIT 1

2026/08/14 16:51:39 [32mC:/Users/ARMSS GROUPS/Documents/Stationery_Management/StationaryManagement/trustManagement/backend/internal/voucher/voucher.go:90
[0m[33m[3.358ms] [34;1m[rows:1][0m SELECT * FROM `bank_accounts` WHERE `bank_accounts`.`id` = 3 ORDER BY `bank_accounts`.`id` LIMIT 1
[90m4:51PM[0m [32mINF[0m [1mHTTP Request[0m [36mip=[0m::1 [36mlatency=[0m10.4338 [36mmethod=[0mGET [36mpath=[0m/api/v1/vouchers/17 [36mstatus=[0m200

2026/08/14 16:51:43 [32mC:/Users/ARMSS GROUPS/Documents/Stationery_Management/StationaryManagement/trustManagement/backend/internal/voucher/voucher.go:28
[0m[33m[0.000ms] [34;1m[rows:21][0m SELECT * FROM `vouchers` ORDER BY id desc
[90m4:51PM[0m [32mINF[0m [1mHTTP Request[0m [36mip=[0m::1 [36mlatency=[0m2.0226 [36mmethod=[0mGET [36mpath=[0m/api/v1/vouchers?type= [36mstatus=[0m200

2026/08/14 16:51:43 [32mC:/Users/ARMSS GROUPS/Documents/Stationery_Management/StationaryManagement/trustManagement/backend/internal/voucher/voucher.go:28
[0m[33m[2.015ms] [34;1m[rows:21][0m SELECT * FROM `vouchers` ORDER BY id desc
[90m4:51PM[0m [32mINF[0m [1mHTTP Request[0m [36mip=[0m::1 [36mlatency=[0m12.126 [36mmethod=[0mGET [36mpath=[0m/api/v1/vouchers?type= [36mstatus=[0m200

2026/08/14 16:51:46 [32mC:/Users/ARMSS GROUPS/Documents/Stationery_Management/StationaryManagement/trustManagement/backend/internal/voucher/voucher.go:52
[0m[33m[1.438ms] [34;1m[rows:1][0m SELECT * FROM `vouchers` WHERE `vouchers`.`id` = 21 ORDER BY `vouchers`.`id` LIMIT 1

2026/08/14 16:51:46 [32mC:/Users/ARMSS GROUPS/Documents/Stationery_Management/StationaryManagement/trustManagement/backend/internal/voucher/voucher.go:76
[0m[33m[0.849ms] [34;1m[rows:1][0m SELECT * FROM `donors` WHERE `donors`.`id` = 4

2026/08/14 16:51:46 [32mC:/Users/ARMSS GROUPS/Documents/Stationery_Management/StationaryManagement/trustManagement/backend/internal/voucher/voucher.go:76
[0m[33m[0.508ms] [34;1m[rows:1][0m SELECT * FROM `schemes` WHERE `schemes`.`id` = 11

2026/08/14 16:51:46 [32mC:/Users/ARMSS GROUPS/Documents/Stationery_Management/StationaryManagement/trustManagement/backend/internal/voucher/voucher.go:76
[0m[33m[3.496ms] [34;1m[rows:1][0m SELECT * FROM `donations` WHERE `donations`.`id` = 18 ORDER BY `donations`.`id` LIMIT 1

2026/08/14 16:51:46 [32mC:/Users/ARMSS GROUPS/Documents/Stationery_Management/StationaryManagement/trustManagement/backend/internal/voucher/voucher.go:90
[0m[33m[0.549ms] [34;1m[rows:1][0m SELECT * FROM `bank_accounts` WHERE `bank_accounts`.`id` = 5 ORDER BY `bank_accounts`.`id` LIMIT 1
[90m4:51PM[0m [32mINF[0m [1mHTTP Request[0m [36mip=[0m::1 [36mlatency=[0m5.4821 [36mmethod=[0mGET [36mpath=[0m/api/v1/vouchers/21 [36mstatus=[0m200

2026/08/14 16:51:46 [32mC:/Users/ARMSS GROUPS/Documents/Stationery_Management/StationaryManagement/trustManagement/backend/internal/voucher/voucher.go:52
[0m[33m[6.087ms] [34;1m[rows:1][0m SELECT * FROM `vouchers` WHERE `vouchers`.`id` = 21 ORDER BY `vouchers`.`id` LIMIT 1

2026/08/14 16:51:46 [32mC:/Users/ARMSS GROUPS/Documents/Stationery_Management/StationaryManagement/trustManagement/backend/internal/voucher/voucher.go:76
[0m[33m[0.000ms] [34;1m[rows:1][0m SELECT * FROM `donors` WHERE `donors`.`id` = 4

2026/08/14 16:51:46 [32mC:/Users/ARMSS GROUPS/Documents/Stationery_Management/StationaryManagement/trustManagement/backend/internal/voucher/voucher.go:76
[0m[33m[2.018ms] [34;1m[rows:1][0m SELECT * FROM `schemes` WHERE `schemes`.`id` = 11

2026/08/14 16:51:46 [32mC:/Users/ARMSS GROUPS/Documents/Stationery_Management/StationaryManagement/trustManagement/backend/internal/voucher/voucher.go:76
[0m[33m[2.664ms] [34;1m[rows:1][0m SELECT * FROM `donations` WHERE `donations`.`id` = 18 ORDER BY `donations`.`id` LIMIT 1

2026/08/14 16:51:46 [32mC:/Users/ARMSS GROUPS/Documents/Stationery_Management/StationaryManagement/trustManagement/backend/internal/voucher/voucher.go:90
[0m[33m[16.439ms] [34;1m[rows:1][0m SELECT * FROM `bank_accounts` WHERE `bank_accounts`.`id` = 5 ORDER BY `bank_accounts`.`id` LIMIT 1
[90m4:51PM[0m [32mINF[0m [1mHTTP Request[0m [36mip=[0m::1 [36mlatency=[0m25.1896 [36mmethod=[0mGET [36mpath=[0m/api/v1/vouchers/21 [36mstatus=[0m200
[90m4:51PM[0m [32mINF[0m [1mHTTP Request[0m [36mip=[0m::1 [36mlatency=[0m0 [36mmethod=[0mGET [36mpath=[0m/uploads/0cc01c08d0ba88f05ee209d80c211a9c.jpg [36mstatus=[0m304

2026/08/14 16:52:37 [32mC:/Users/ARMSS GROUPS/Documents/Stationery_Management/StationaryManagement/trustManagement/backend/internal/auth/service.go:22
[0m[33m[1.119ms] [34;1m[rows:1][0m SELECT * FROM `users` WHERE username = 'admin' AND is_active = true ORDER BY `users`.`id` LIMIT 1
[90m4:52PM[0m [32mINF[0m [1mHTTP Request[0m [36mip=[0m::1 [36mlatency=[0m111.8994 [36mmethod=[0mPOST [36mpath=[0m/api/v1/auth/login [36mstatus=[0m200

2026/08/14 16:52:37 [32mC:/Users/ARMSS GROUPS/Documents/Stationery_Management/StationaryManagement/trustManagement/backend/internal/bank/bank.go:199
[0m[33m[6.002ms] [34;1m[rows:3][0m SELECT * FROM `bank_transactions` WHERE bank_account_id = 2 ORDER BY created_at desc

2026/08/14 16:52:37 [32mC:/Users/ARMSS GROUPS/Documents/Stationery_Management/StationaryManagement/trustManagement/backend/internal/bank/bank.go:217
[0m[33m[2.019ms] [34;1m[rows:1][0m SELECT * FROM `donors` WHERE `donors`.`id` = 1

2026/08/14 16:52:37 [32mC:/Users/ARMSS GROUPS/Documents/Stationery_Management/StationaryManagement/trustManagement/backend/internal/bank/bank.go:217
[0m[33m[0.000ms] [34;1m[rows:1][0m SELECT * FROM `schemes` WHERE `schemes`.`id` = 3

2026/08/14 16:52:37 [32mC:/Users/ARMSS GROUPS/Documents/Stationery_Management/StationaryManagement/trustManagement/backend/internal/bank/bank.go:217
[0m[33m[2.019ms] [34;1m[rows:2][0m SELECT * FROM `donations` WHERE id IN (15,13)
[90m4:52PM[0m [32mINF[0m [1mHTTP Request[0m [36mip=[0m::1 [36mlatency=[0m8.5366 [36mmethod=[0mGET [36mpath=[0m/api/v1/bank-accounts/2/transactions [36mstatus=[0m200

2026/08/14 16:53:11 [32mC:/Users/ARMSS GROUPS/Documents/Stationery_Management/StationaryManagement/trustManagement/backend/internal/voucher/voucher.go:28
[0m[33m[13.222ms] [34;1m[rows:21][0m SELECT * FROM `vouchers` ORDER BY id desc
[90m4:53PM[0m [32mINF[0m [1mHTTP Request[0m [36mip=[0m::1 [36mlatency=[0m13.7353 [36mmethod=[0mGET [36mpath=[0m/api/v1/vouchers?type= [36mstatus=[0m200

2026/08/14 16:53:11 [32mC:/Users/ARMSS GROUPS/Documents/Stationery_Management/StationaryManagement/trustManagement/backend/internal/voucher/voucher.go:28
[0m[33m[46.400ms] [34;1m[rows:21][0m SELECT * FROM `vouchers` ORDER BY id desc
[90m4:53PM[0m [32mINF[0m [1mHTTP Request[0m [36mip=[0m::1 [36mlatency=[0m46.9115 [36mmethod=[0mGET [36mpath=[0m/api/v1/vouchers?type= [36mstatus=[0m200

2026/08/14 16:53:14 [32mC:/Users/ARMSS GROUPS/Documents/Stationery_Management/StationaryManagement/trustManagement/backend/internal/donor/donor.go:36
[0m[33m[4.039ms] [34;1m[rows:1][0m SELECT * FROM `donor_family_members` WHERE `donor_family_members`.`donor_id` IN (5,4,1)

2026/08/14 16:53:14 [32mC:/Users/ARMSS GROUPS/Documents/Stationery_Management/StationaryManagement/trustManagement/backend/internal/donor/donor.go:36
[0m[33m[4.039ms] [34;1m[rows:3][0m SELECT * FROM `donors` ORDER BY id desc
[90m4:53PM[0m [32mINF[0m [1mHTTP Request[0m [36mip=[0m::1 [36mlatency=[0m4.0392 [36mmethod=[0mGET [36mpath=[0m/api/v1/donors?search= [36mstatus=[0m200

2026/08/14 16:53:14 [32mC:/Users/ARMSS GROUPS/Documents/Stationery_Management/StationaryManagement/trustManagement/backend/internal/donor/donor.go:36
[0m[33m[0.517ms] [34;1m[rows:1][0m SELECT * FROM `donor_family_members` WHERE `donor_family_members`.`donor_id` IN (5,4,1)

2026/08/14 16:53:14 [32mC:/Users/ARMSS GROUPS/Documents/Stationery_Management/StationaryManagement/trustManagement/backend/internal/donor/donor.go:36
[0m[33m[5.995ms] [34;1m[rows:3][0m SELECT * FROM `donors` ORDER BY id desc
[90m4:53PM[0m [32mINF[0m [1mHTTP Request[0m [36mip=[0m::1 [36mlatency=[0m5.9949 [36mmethod=[0mGET [36mpath=[0m/api/v1/donors?search= [36mstatus=[0m200

2026/08/14 16:57:53 [32mC:/Users/ARMSS GROUPS/Documents/Stationery_Management/StationaryManagement/trustManagement/backend/internal/voucher/voucher.go:28
[0m[33m[0.000ms] [34;1m[rows:21][0m SELECT * FROM `vouchers` ORDER BY id desc
[90m4:57PM[0m [32mINF[0m [1mHTTP Request[0m [36mip=[0m::1 [36mlatency=[0m2.1161 [36mmethod=[0mGET [36mpath=[0m/api/v1/vouchers?type= [36mstatus=[0m200

2026/08/14 16:57:53 [32mC:/Users/ARMSS GROUPS/Documents/Stationery_Management/StationaryManagement/trustManagement/backend/internal/voucher/voucher.go:28
[0m[33m[1.840ms] [34;1m[rows:21][0m SELECT * FROM `vouchers` ORDER BY id desc
[90m4:57PM[0m [32mINF[0m [1mHTTP Request[0m [36mip=[0m::1 [36mlatency=[0m2.3826 [36mmethod=[0mGET [36mpath=[0m/api/v1/vouchers?type= [36mstatus=[0m200

2026/08/14 16:57:55 [32mC:/Users/ARMSS GROUPS/Documents/Stationery_Management/StationaryManagement/trustManagement/backend/internal/voucher/voucher.go:52
[0m[33m[1.334ms] [34;1m[rows:1][0m SELECT * FROM `vouchers` WHERE `vouchers`.`id` = 21 ORDER BY `vouchers`.`id` LIMIT 1

2026/08/14 16:57:55 [32mC:/Users/ARMSS GROUPS/Documents/Stationery_Management/StationaryManagement/trustManagement/backend/internal/voucher/voucher.go:76
[0m[33m[1.019ms] [34;1m[rows:1][0m SELECT * FROM `donors` WHERE `donors`.`id` = 4

2026/08/14 16:57:55 [32mC:/Users/ARMSS GROUPS/Documents/Stationery_Management/StationaryManagement/trustManagement/backend/internal/voucher/voucher.go:76
[0m[33m[0.512ms] [34;1m[rows:1][0m SELECT * FROM `schemes` WHERE `schemes`.`id` = 11

2026/08/14 16:57:55 [32mC:/Users/ARMSS GROUPS/Documents/Stationery_Management/StationaryManagement/trustManagement/backend/internal/voucher/voucher.go:76
[0m[33m[3.054ms] [34;1m[rows:1][0m SELECT * FROM `donations` WHERE `donations`.`id` = 18 ORDER BY `donations`.`id` LIMIT 1

2026/08/14 16:57:55 [32mC:/Users/ARMSS GROUPS/Documents/Stationery_Management/StationaryManagement/trustManagement/backend/internal/voucher/voucher.go:90
[0m[33m[0.949ms] [34;1m[rows:1][0m SELECT * FROM `bank_accounts` WHERE `bank_accounts`.`id` = 5 ORDER BY `bank_accounts`.`id` LIMIT 1
[90m4:57PM[0m [32mINF[0m [1mHTTP Request[0m [36mip=[0m::1 [36mlatency=[0m5.3366 [36mmethod=[0mGET [36mpath=[0m/api/v1/vouchers/21 [36mstatus=[0m200

2026/08/14 16:57:55 [32mC:/Users/ARMSS GROUPS/Documents/Stationery_Management/StationaryManagement/trustManagement/backend/internal/voucher/voucher.go:52
[0m[33m[2.240ms] [34;1m[rows:1][0m SELECT * FROM `vouchers` WHERE `vouchers`.`id` = 21 ORDER BY `vouchers`.`id` LIMIT 1

2026/08/14 16:57:55 [32mC:/Users/ARMSS GROUPS/Documents/Stationery_Management/StationaryManagement/trustManagement/backend/internal/voucher/voucher.go:76
[0m[33m[0.000ms] [34;1m[rows:1][0m SELECT * FROM `donors` WHERE `donors`.`id` = 4

2026/08/14 16:57:55 [32mC:/Users/ARMSS GROUPS/Documents/Stationery_Management/StationaryManagement/trustManagement/backend/internal/voucher/voucher.go:76
[0m[33m[2.332ms] [34;1m[rows:1][0m SELECT * FROM `schemes` WHERE `schemes`.`id` = 11

2026/08/14 16:57:55 [32mC:/Users/ARMSS GROUPS/Documents/Stationery_Management/StationaryManagement/trustManagement/backend/internal/voucher/voucher.go:76
[0m[33m[4.810ms] [34;1m[rows:1][0m SELECT * FROM `donations` WHERE `donations`.`id` = 18 ORDER BY `donations`.`id` LIMIT 1

2026/08/14 16:57:55 [32mC:/Users/ARMSS GROUPS/Documents/Stationery_Management/StationaryManagement/trustManagement/backend/internal/voucher/voucher.go:90
[0m[33m[0.000ms] [34;1m[rows:1][0m SELECT * FROM `bank_accounts` WHERE `bank_accounts`.`id` = 5 ORDER BY `bank_accounts`.`id` LIMIT 1
[90m4:57PM[0m [32mINF[0m [1mHTTP Request[0m [36mip=[0m::1 [36mlatency=[0m7.0505 [36mmethod=[0mGET [36mpath=[0m/api/v1/vouchers/21 [36mstatus=[0m200
[90m4:57PM[0m [32mINF[0m [1mHTTP Request[0m [36mip=[0m::1 [36mlatency=[0m0 [36mmethod=[0mGET [36mpath=[0m/uploads/0cc01c08d0ba88f05ee209d80c211a9c.jpg [36mstatus=[0m304
[90m5:09PM[0m [32mINF[0m [1mHTTP Request[0m [36mip=[0m::1 [36mlatency=[0m0 [36mmethod=[0mOPTIONS [36mpath=[0m/api/v1/auth/me [36mstatus=[0m204
[90m5:09PM[0m [32mINF[0m [1mHTTP Request[0m [36mip=[0m::1 [36mlatency=[0m0 [36mmethod=[0mOPTIONS [36mpath=[0m/api/v1/auth/me [36mstatus=[0m204

2026/08/14 17:09:06 [32mC:/Users/ARMSS GROUPS/Documents/Stationery_Management/StationaryManagement/trustManagement/backend/internal/auth/service.go:49
[0m[33m[194.250ms] [34;1m[rows:1][0m SELECT * FROM `users` WHERE `users`.`id` = 1 ORDER BY `users`.`id` LIMIT 1
[90m5:09PM[0m [32mINF[0m [1mHTTP Request[0m [36mip=[0m::1 [36mlatency=[0m196.2697 [36mmethod=[0mGET [36mpath=[0m/api/v1/auth/me [36mstatus=[0m200

2026/08/14 17:09:06 [32mC:/Users/ARMSS GROUPS/Documents/Stationery_Management/StationaryManagement/trustManagement/backend/internal/auth/service.go:49
[0m[33m[0.000ms] [34;1m[rows:1][0m SELECT * FROM `users` WHERE `users`.`id` = 1 ORDER BY `users`.`id` LIMIT 1
[90m5:09PM[0m [32mINF[0m [1mHTTP Request[0m [36mip=[0m::1 [36mlatency=[0m2.0176 [36mmethod=[0mGET [36mpath=[0m/api/v1/auth/me [36mstatus=[0m200

2026/08/14 17:09:06 [32mC:/Users/ARMSS GROUPS/Documents/Stationery_Management/StationaryManagement/trustManagement/backend/internal/voucher/voucher.go:52
[0m[33m[0.997ms] [34;1m[rows:1][0m SELECT * FROM `vouchers` WHERE `vouchers`.`id` = 21 ORDER BY `vouchers`.`id` LIMIT 1

2026/08/14 17:09:06 [32mC:/Users/ARMSS GROUPS/Documents/Stationery_Management/StationaryManagement/trustManagement/backend/internal/voucher/voucher.go:76
[0m[33m[1.000ms] [34;1m[rows:1][0m SELECT * FROM `donors` WHERE `donors`.`id` = 4

2026/08/14 17:09:06 [32mC:/Users/ARMSS GROUPS/Documents/Stationery_Management/StationaryManagement/trustManagement/backend/internal/voucher/voucher.go:76
[0m[33m[3.289ms] [34;1m[rows:1][0m SELECT * FROM `schemes` WHERE `schemes`.`id` = 11

2026/08/14 17:09:06 [32mC:/Users/ARMSS GROUPS/Documents/Stationery_Management/StationaryManagement/trustManagement/backend/internal/voucher/voucher.go:76
[0m[33m[5.289ms] [34;1m[rows:1][0m SELECT * FROM `donations` WHERE `donations`.`id` = 18 ORDER BY `donations`.`id` LIMIT 1

2026/08/14 17:09:06 [32mC:/Users/ARMSS GROUPS/Documents/Stationery_Management/StationaryManagement/trustManagement/backend/internal/voucher/voucher.go:90
[0m[33m[1.016ms] [34;1m[rows:1][0m SELECT * FROM `bank_accounts` WHERE `bank_accounts`.`id` = 5 ORDER BY `bank_accounts`.`id` LIMIT 1
[90m5:09PM[0m [32mINF[0m [1mHTTP Request[0m [36mip=[0m::1 [36mlatency=[0m8.3031 [36mmethod=[0mGET [36mpath=[0m/api/v1/vouchers/21 [36mstatus=[0m200

2026/08/14 17:09:06 [32mC:/Users/ARMSS GROUPS/Documents/Stationery_Management/StationaryManagement/trustManagement/backend/internal/voucher/voucher.go:52
[0m[33m[5.217ms] [34;1m[rows:1][0m SELECT * FROM `vouchers` WHERE `vouchers`.`id` = 21 ORDER BY `vouchers`.`id` LIMIT 1

2026/08/14 17:09:06 [32mC:/Users/ARMSS GROUPS/Documents/Stationery_Management/StationaryManagement/trustManagement/backend/internal/voucher/voucher.go:76
[0m[33m[31.062ms] [34;1m[rows:1][0m SELECT * FROM `donors` WHERE `donors`.`id` = 4
[90m5:09PM[0m [32mINF[0m [1mHTTP Request[0m [36mip=[0m::1 [36mlatency=[0m2.0163 [36mmethod=[0mGET [36mpath=[0m/uploads/0cc01c08d0ba88f05ee209d80c211a9c.jpg [36mstatus=[0m304

2026/08/14 17:09:06 [32mC:/Users/ARMSS GROUPS/Documents/Stationery_Management/StationaryManagement/trustManagement/backend/internal/voucher/voucher.go:76
[0m[33m[10.070ms] [34;1m[rows:1][0m SELECT * FROM `schemes` WHERE `schemes`.`id` = 11

2026/08/14 17:09:06 [32mC:/Users/ARMSS GROUPS/Documents/Stationery_Management/StationaryManagement/trustManagement/backend/internal/voucher/voucher.go:76
[0m[33m[42.129ms] [34;1m[rows:1][0m SELECT * FROM `donations` WHERE `donations`.`id` = 18 ORDER BY `donations`.`id` LIMIT 1

2026/08/14 17:09:06 [32mC:/Users/ARMSS GROUPS/Documents/Stationery_Management/StationaryManagement/trustManagement/backend/internal/voucher/voucher.go:90
[0m[33m[2.016ms] [34;1m[rows:1][0m SELECT * FROM `bank_accounts` WHERE `bank_accounts`.`id` = 5 ORDER BY `bank_accounts`.`id` LIMIT 1
[90m5:09PM[0m [32mINF[0m [1mHTTP Request[0m [36mip=[0m::1 [36mlatency=[0m49.3607 [36mmethod=[0mGET [36mpath=[0m/api/v1/vouchers/21 [36mstatus=[0m200
[90m5:11PM[0m [32mINF[0m [1mHTTP Request[0m [36mip=[0m::1 [36mlatency=[0m0.7548 [36mmethod=[0mGET [36mpath=[0m/api/v1/health [36mstatus=[0m200

2026/08/14 17:14:10 [32mC:/Users/ARMSS GROUPS/Documents/Stationery_Management/StationaryManagement/trustManagement/backend/internal/auth/service.go:22
[0m[33m[1.695ms] [34;1m[rows:1][0m SELECT * FROM `users` WHERE username = 'admin' AND is_active = true ORDER BY `users`.`id` LIMIT 1
[90m5:14PM[0m [32mINF[0m [1mHTTP Request[0m [36mip=[0m::1 [36mlatency=[0m145.4735 [36mmethod=[0mPOST [36mpath=[0m/api/v1/auth/login [36mstatus=[0m200
[90m5:14PM[0m [32mINF[0m [1mHTTP Request[0m [36mip=[0m::1 [36mlatency=[0m2.0232 [36mmethod=[0mGET [36mpath=[0m/api/v1/vouchers [36mstatus=[0m401

2026/08/14 17:14:36 [32mC:/Users/ARMSS GROUPS/Documents/Stationery_Management/StationaryManagement/trustManagement/backend/internal/auth/service.go:22
[0m[33m[1.526ms] [34;1m[rows:1][0m SELECT * FROM `users` WHERE username = 'admin' AND is_active = true ORDER BY `users`.`id` LIMIT 1
[90m5:14PM[0m [32mINF[0m [1mHTTP Request[0m [36mip=[0m::1 [36mlatency=[0m132.0808 [36mmethod=[0mPOST [36mpath=[0m/api/v1/auth/login [36mstatus=[0m200

2026/08/14 17:14:36 [32mC:/Users/ARMSS GROUPS/Documents/Stationery_Management/StationaryManagement/trustManagement/backend/internal/voucher/voucher.go:28
[0m[33m[2.839ms] [34;1m[rows:21][0m SELECT * FROM `vouchers` ORDER BY id desc
[90m5:14PM[0m [32mINF[0m [1mHTTP Request[0m [36mip=[0m::1 [36mlatency=[0m2.8386 [36mmethod=[0mGET [36mpath=[0m/api/v1/vouchers [36mstatus=[0m200

2026/08/14 17:14:36 [32mC:/Users/ARMSS GROUPS/Documents/Stationery_Management/StationaryManagement/trustManagement/backend/internal/voucher/voucher.go:52
[0m[33m[1.888ms] [34;1m[rows:1][0m SELECT * FROM `vouchers` WHERE `vouchers`.`id` = 21 ORDER BY `vouchers`.`id` LIMIT 1

2026/08/14 17:14:36 [32mC:/Users/ARMSS GROUPS/Documents/Stationery_Management/StationaryManagement/trustManagement/backend/internal/voucher/voucher.go:76
[0m[33m[0.664ms] [34;1m[rows:1][0m SELECT * FROM `donors` WHERE `donors`.`id` = 4

2026/08/14 17:14:36 [32mC:/Users/ARMSS GROUPS/Documents/Stationery_Management/StationaryManagement/trustManagement/backend/internal/voucher/voucher.go:76
[0m[33m[2.189ms] [34;1m[rows:1][0m SELECT * FROM `schemes` WHERE `schemes`.`id` = 11

2026/08/14 17:14:36 [32mC:/Users/ARMSS GROUPS/Documents/Stationery_Management/StationaryManagement/trustManagement/backend/internal/voucher/voucher.go:76
[0m[33m[4.199ms] [34;1m[rows:1][0m SELECT * FROM `donations` WHERE `donations`.`id` = 18 ORDER BY `donations`.`id` LIMIT 1

2026/08/14 17:14:36 [32mC:/Users/ARMSS GROUPS/Documents/Stationery_Management/StationaryManagement/trustManagement/backend/internal/voucher/voucher.go:90
[0m[33m[1.030ms] [34;1m[rows:1][0m SELECT * FROM `bank_accounts` WHERE `bank_accounts`.`id` = 5 ORDER BY `bank_accounts`.`id` LIMIT 1
[90m5:14PM[0m [32mINF[0m [1mHTTP Request[0m [36mip=[0m::1 [36mlatency=[0m7.1173 [36mmethod=[0mGET [36mpath=[0m/api/v1/vouchers/21 [36mstatus=[0m200
[90m5:14PM[0m [32mINF[0m [1mHTTP Request[0m [36mip=[0m::1 [36mlatency=[0m132.6993 [36mmethod=[0mHEAD [36mpath=[0m/uploads/0cc01c08d0ba88f05ee209d80c211a9c.jpg [36mstatus=[0m200
[90m5:18PM[0m [32mINF[0m [1mHTTP Request[0m [36mip=[0m::1 [36mlatency=[0m1 [36mmethod=[0mGET [36mpath=[0m/uploads/0cc01c08d0ba88f05ee209d80c211a9c.jpg [36mstatus=[0m304

2026/08/14 17:34:01 [32mC:/Users/ARMSS GROUPS/Documents/Stationery_Management/StationaryManagement/trustManagement/backend/internal/donor/donor.go:36
[0m[33m[2.020ms] [34;1m[rows:1][0m SELECT * FROM `donor_family_members` WHERE `donor_family_members`.`donor_id` IN (5,4,1)

2026/08/14 17:34:01 [32mC:/Users/ARMSS GROUPS/Documents/Stationery_Management/StationaryManagement/trustManagement/backend/internal/donor/donor.go:36
[0m[33m[3.787ms] [34;1m[rows:3][0m SELECT * FROM `donors` ORDER BY id desc
[90m5:34PM[0m [32mINF[0m [1mHTTP Request[0m [36mip=[0m::1 [36mlatency=[0m3.7872 [36mmethod=[0mGET [36mpath=[0m/api/v1/donors?search= [36mstatus=[0m200

2026/08/14 17:34:02 [32mC:/Users/ARMSS GROUPS/Documents/Stationery_Management/StationaryManagement/trustManagement/backend/internal/donor/donor.go:36
[0m[33m[0.000ms] [34;1m[rows:1][0m SELECT * FROM `donor_family_members` WHERE `donor_family_members`.`donor_id` IN (5,4,1)

2026/08/14 17:34:02 [32mC:/Users/ARMSS GROUPS/Documents/Stationery_Management/StationaryManagement/trustManagement/backend/internal/donor/donor.go:36
[0m[33m[2.025ms] [34;1m[rows:3][0m SELECT * FROM `donors` ORDER BY id desc
[90m5:34PM[0m [32mINF[0m [1mHTTP Request[0m [36mip=[0m::1 [36mlatency=[0m2.025 [36mmethod=[0mGET [36mpath=[0m/api/v1/donors?search= [36mstatus=[0m200

2026/08/14 18:06:26 [32mC:/Users/ARMSS GROUPS/Documents/Stationery_Management/StationaryManagement/trustManagement/backend/internal/users/users.go:28
[0m[33m[51.503ms] [34;1m[rows:3][0m SELECT * FROM `users` ORDER BY id asc
[90m6:06PM[0m [32mINF[0m [1mHTTP Request[0m [36mip=[0m::1 [36mlatency=[0m53.3925 [36mmethod=[0mGET [36mpath=[0m/api/v1/users [36mstatus=[0m200

2026/08/14 18:06:26 [32mC:/Users/ARMSS GROUPS/Documents/Stationery_Management/StationaryManagement/trustManagement/backend/internal/users/users.go:28
[0m[33m[8.168ms] [34;1m[rows:3][0m SELECT * FROM `users` ORDER BY id asc
[90m6:06PM[0m [32mINF[0m [1mHTTP Request[0m [36mip=[0m::1 [36mlatency=[0m8.1678 [36mmethod=[0mGET [36mpath=[0m/api/v1/users [36mstatus=[0m200

2026/08/14 18:06:27 [32mC:/Users/ARMSS GROUPS/Documents/Stationery_Management/StationaryManagement/trustManagement/backend/internal/expensecategory/expensecategory.go:24
[0m[33m[5.399ms] [34;1m[rows:9][0m SELECT * FROM `expense_categories` ORDER BY name asc
[90m6:06PM[0m [32mINF[0m [1mHTTP Request[0m [36mip=[0m::1 [36mlatency=[0m7.4138 [36mmethod=[0mGET [36mpath=[0m/api/v1/expense-categories [36mstatus=[0m200

2026/08/14 18:06:27 [32mC:/Users/ARMSS GROUPS/Documents/Stationery_Management/StationaryManagement/trustManagement/backend/internal/expensecategory/expensecategory.go:24
[0m[33m[2.616ms] [34;1m[rows:9][0m SELECT * FROM `expense_categories` ORDER BY name asc
[90m6:06PM[0m [32mINF[0m [1mHTTP Request[0m [36mip=[0m::1 [36mlatency=[0m2.6157 [36mmethod=[0mGET [36mpath=[0m/api/v1/expense-categories [36mstatus=[0m200
[90m6:06PM[0m [32mINF[0m [1mHTTP Request[0m [36mip=[0m::1 [36mlatency=[0m0 [36mmethod=[0mOPTIONS [36mpath=[0m/api/v1/reports/summary-book?date=2026-08-14 [36mstatus=[0m204
[90m6:06PM[0m [32mINF[0m [1mHTTP Request[0m [36mip=[0m::1 [36mlatency=[0m0 [36mmethod=[0mOPTIONS [36mpath=[0m/api/v1/reports/summary-book?date=2026-08-14 [36mstatus=[0m204

2026/08/14 18:06:30 [32mC:/Users/ARMSS GROUPS/Documents/Stationery_Management/StationaryManagement/trustManagement/backend/internal/report/report.go:31
[0m[33m[3.110ms] [34;1m[rows:1][0m SELECT COALESCE(SUM(amount), 0) FROM `cash_transactions` WHERE business_date = '2026-08-14' AND transaction_type = 'INFLOW'

2026/08/14 18:06:30 [32mC:/Users/ARMSS GROUPS/Documents/Stationery_Management/StationaryManagement/trustManagement/backend/internal/report/report.go:36
[0m[33m[1.655ms] [34;1m[rows:1][0m SELECT COALESCE(SUM(amount), 0) FROM `cash_transactions` WHERE business_date = '2026-08-14' AND transaction_type = 'OUTFLOW'

2026/08/14 18:06:30 [32mC:/Users/ARMSS GROUPS/Documents/Stationery_Management/StationaryManagement/trustManagement/backend/internal/report/report.go:41
[0m[33m[1.568ms] [34;1m[rows:1][0m SELECT COALESCE(SUM(amount), 0) FROM `bank_transactions` WHERE business_date = '2026-08-14' AND transaction_type = 'CREDIT'

2026/08/14 18:06:30 [32mC:/Users/ARMSS GROUPS/Documents/Stationery_Management/StationaryManagement/trustManagement/backend/internal/report/report.go:46
[0m[33m[3.312ms] [34;1m[rows:1][0m SELECT COALESCE(SUM(amount), 0) FROM `bank_transactions` WHERE business_date = '2026-08-14' AND transaction_type = 'DEBIT'

2026/08/14 18:06:30 [32mC:/Users/ARMSS GROUPS/Documents/Stationery_Management/StationaryManagement/trustManagement/backend/internal/report/report.go:61
[0m[33m[6.347ms] [34;1m[rows:7][0m SELECT COALESCE(schemes.name, NULLIF(donations.purpose, ''), 'General Donation') as scheme_name, COALESCE(schemes.category, 'GENERAL') as category, SUM(donations.amount) as total_amount, COUNT(donations.id) as count FROM `donations` LEFT JOIN schemes ON schemes.id = donations.scheme_id WHERE donations.business_date = '2026-08-14' GROUP BY scheme_name, schemes.category
[90m6:06PM[0m [32mINF[0m [1mHTTP Request[0m [36mip=[0m::1 [36mlatency=[0m18.1242 [36mmethod=[0mGET [36mpath=[0m/api/v1/reports/summary-book?date=2026-08-14 [36mstatus=[0m200

2026/08/14 18:06:30 [32mC:/Users/ARMSS GROUPS/Documents/Stationery_Management/StationaryManagement/trustManagement/backend/internal/report/report.go:31
[0m[33m[2.188ms] [34;1m[rows:1][0m SELECT COALESCE(SUM(amount), 0) FROM `cash_transactions` WHERE business_date = '2026-08-14' AND transaction_type = 'INFLOW'

2026/08/14 18:06:30 [32mC:/Users/ARMSS GROUPS/Documents/Stationery_Management/StationaryManagement/trustManagement/backend/internal/report/report.go:36
[0m[33m[0.000ms] [34;1m[rows:1][0m SELECT COALESCE(SUM(amount), 0) FROM `cash_transactions` WHERE business_date = '2026-08-14' AND transaction_type = 'OUTFLOW'

2026/08/14 18:06:30 [32mC:/Users/ARMSS GROUPS/Documents/Stationery_Management/StationaryManagement/trustManagement/backend/internal/report/report.go:41
[0m[33m[0.000ms] [34;1m[rows:1][0m SELECT COALESCE(SUM(amount), 0) FROM `bank_transactions` WHERE business_date = '2026-08-14' AND transaction_type = 'CREDIT'

2026/08/14 18:06:30 [32mC:/Users/ARMSS GROUPS/Documents/Stationery_Management/StationaryManagement/trustManagement/backend/internal/report/report.go:46
[0m[33m[0.538ms] [34;1m[rows:1][0m SELECT COALESCE(SUM(amount), 0) FROM `bank_transactions` WHERE business_date = '2026-08-14' AND transaction_type = 'DEBIT'

2026/08/14 18:06:30 [32mC:/Users/ARMSS GROUPS/Documents/Stationery_Management/StationaryManagement/trustManagement/backend/internal/report/report.go:61
[0m[33m[2.643ms] [34;1m[rows:7][0m SELECT COALESCE(schemes.name, NULLIF(donations.purpose, ''), 'General Donation') as scheme_name, COALESCE(schemes.category, 'GENERAL') as category, SUM(donations.amount) as total_amount, COUNT(donations.id) as count FROM `donations` LEFT JOIN schemes ON schemes.id = donations.scheme_id WHERE donations.business_date = '2026-08-14' GROUP BY scheme_name, schemes.category
[90m6:06PM[0m [32mINF[0m [1mHTTP Request[0m [36mip=[0m::1 [36mlatency=[0m10.5861 [36mmethod=[0mGET [36mpath=[0m/api/v1/reports/summary-book?date=2026-08-14 [36mstatus=[0m200
[90m6:06PM[0m [32mINF[0m [1mHTTP Request[0m [36mip=[0m::1 [36mlatency=[0m0 [36mmethod=[0mOPTIONS [36mpath=[0m/api/v1/bank-accounts [36mstatus=[0m204
[90m6:06PM[0m [32mINF[0m [1mHTTP Request[0m [36mip=[0m::1 [36mlatency=[0m0 [36mmethod=[0mOPTIONS [36mpath=[0m/api/v1/bank-accounts [36mstatus=[0m204

2026/08/14 18:06:33 [32mC:/Users/ARMSS GROUPS/Documents/Stationery_Management/StationaryManagement/trustManagement/backend/internal/bank/bank.go:29
[0m[33m[2.493ms] [34;1m[rows:5][0m SELECT * FROM `bank_accounts` ORDER BY id desc
[90m6:06PM[0m [32mINF[0m [1mHTTP Request[0m [36mip=[0m::1 [36mlatency=[0m3.0448 [36mmethod=[0mGET [36mpath=[0m/api/v1/bank-accounts [36mstatus=[0m200

2026/08/14 18:06:33 [32mC:/Users/ARMSS GROUPS/Documents/Stationery_Management/StationaryManagement/trustManagement/backend/internal/bank/bank.go:29
[0m[33m[0.000ms] [34;1m[rows:5][0m SELECT * FROM `bank_accounts` ORDER BY id desc
[90m6:06PM[0m [32mINF[0m [1mHTTP Request[0m [36mip=[0m::1 [36mlatency=[0m1.3237 [36mmethod=[0mGET [36mpath=[0m/api/v1/bank-accounts [36mstatus=[0m200
[90m6:06PM[0m [32mINF[0m [1mHTTP Request[0m [36mip=[0m::1 [36mlatency=[0m0 [36mmethod=[0mOPTIONS [36mpath=[0m/api/v1/bank-accounts/4/closing-status?date=2026-08-14 [36mstatus=[0m204
[90m6:06PM[0m [32mINF[0m [1mHTTP Request[0m [36mip=[0m::1 [36mlatency=[0m0 [36mmethod=[0mOPTIONS [36mpath=[0m/api/v1/bank-accounts/3/closing-status?date=2026-08-14 [36mstatus=[0m204
[90m6:06PM[0m [32mINF[0m [1mHTTP Request[0m [36mip=[0m::1 [36mlatency=[0m0 [36mmethod=[0mOPTIONS [36mpath=[0m/api/v1/bank-accounts/3/closing-status?date=2026-08-14 [36mstatus=[0m204
[90m6:06PM[0m [32mINF[0m [1mHTTP Request[0m [36mip=[0m::1 [36mlatency=[0m0 [36mmethod=[0mOPTIONS [36mpath=[0m/api/v1/bank-accounts/day-summary?date=2026-08-14 [36mstatus=[0m204
[90m6:06PM[0m [32mINF[0m [1mHTTP Request[0m [36mip=[0m::1 [36mlatency=[0m0 [36mmethod=[0mOPTIONS [36mpath=[0m/api/v1/bank-accounts/4/closing-status?date=2026-08-14 [36mstatus=[0m204
[90m6:06PM[0m [32mINF[0m [1mHTTP Request[0m [36mip=[0m::1 [36mlatency=[0m0 [36mmethod=[0mOPTIONS [36mpath=[0m/api/v1/bank-accounts/1/closing-status?date=2026-08-14 [36mstatus=[0m204
[90m6:06PM[0m [32mINF[0m [1mHTTP Request[0m [36mip=[0m::1 [36mlatency=[0m0 [36mmethod=[0mOPTIONS [36mpath=[0m/api/v1/bank-accounts/2/closing-status?date=2026-08-14 [36mstatus=[0m204
[90m6:06PM[0m [32mINF[0m [1mHTTP Request[0m [36mip=[0m::1 [36mlatency=[0m0 [36mmethod=[0mOPTIONS [36mpath=[0m/api/v1/bank-accounts/2/closing-status?date=2026-08-14 [36mstatus=[0m204
[90m6:06PM[0m [32mINF[0m [1mHTTP Request[0m [36mip=[0m::1 [36mlatency=[0m0 [36mmethod=[0mOPTIONS [36mpath=[0m/api/v1/bank-accounts/day-summary?date=2026-08-14 [36mstatus=[0m204
[90m6:06PM[0m [32mINF[0m [1mHTTP Request[0m [36mip=[0m::1 [36mlatency=[0m0 [36mmethod=[0mOPTIONS [36mpath=[0m/api/v1/bank-accounts/1/closing-status?date=2026-08-14 [36mstatus=[0m204

2026/08/14 18:06:33 [32mC:/Users/ARMSS GROUPS/Documents/Stationery_Management/StationaryManagement/trustManagement/backend/internal/bank/bank.go:540
[0m[33m[12.047ms] [34;1m[rows:1][0m SELECT * FROM `bank_accounts` WHERE `bank_accounts`.`id` = 5 ORDER BY `bank_accounts`.`id` LIMIT 1

2026/08/14 18:06:33 [31;1mC:/Users/ARMSS GROUPS/Documents/Stationery_Management/StationaryManagement/trustManagement/backend/internal/bank/bank.go:548 [35;1mrecord not found
[0m[33m[2.613ms] [34;1m[rows:0][0m SELECT * FROM `bank_closings` WHERE bank_account_id = 5 AND business_date = '2026-08-14' ORDER BY `bank_closings`.`id` LIMIT 1

2026/08/14 18:06:33 [32mC:/Users/ARMSS GROUPS/Documents/Stationery_Management/StationaryManagement/trustManagement/backend/internal/shared/cashfigures.go:42
[0m[33m[2.015ms] [34;1m[rows:0][0m SELECT actual_closing FROM `bank_closings` WHERE bank_account_id = 5 AND business_date < '2026-08-14' ORDER BY business_date DESC LIMIT 1

2026/08/14 18:06:33 [32mC:/Users/ARMSS GROUPS/Documents/Stationery_Management/StationaryManagement/trustManagement/backend/internal/shared/cashfigures.go:47
[0m[33m[10.032ms] [34;1m[rows:1][0m SELECT count(*) FROM `bank_closings` WHERE bank_account_id = 5 AND business_date < '2026-08-14'

2026/08/14 18:06:33 [32mC:/Users/ARMSS GROUPS/Documents/Stationery_Management/StationaryManagement/trustManagement/backend/internal/bank/bank.go:540
[0m[33m[12.641ms] [34;1m[rows:1][0m SELECT * FROM `bank_accounts` WHERE `bank_accounts`.`id` = 4 ORDER BY `bank_accounts`.`id` LIMIT 1

2026/08/14 18:06:33 [32mC:/Users/ARMSS GROUPS/Documents/Stationery_Management/StationaryManagement/trustManagement/backend/internal/bank/bank.go:540
[0m[33m[17.031ms] [34;1m[rows:1][0m SELECT * FROM `bank_accounts` WHERE `bank_accounts`.`id` = 2 ORDER BY `bank_accounts`.`id` LIMIT 1

2026/08/14 18:06:33 [31;1mC:/Users/ARMSS GROUPS/Documents/Stationery_Management/StationaryManagement/trustManagement/backend/internal/bank/bank.go:548 [35;1mrecord not found
[0m[33m[4.399ms] [34;1m[rows:0][0m SELECT * FROM `bank_closings` WHERE bank_account_id = 4 AND business_date = '2026-08-14' ORDER BY `bank_closings`.`id` LIMIT 1

2026/08/14 18:06:33 [31;1mC:/Users/ARMSS GROUPS/Documents/Stationery_Management/StationaryManagement/trustManagement/backend/internal/bank/bank.go:548 [35;1mrecord not found
[0m[33m[2.017ms] [34;1m[rows:0][0m SELECT * FROM `bank_closings` WHERE bank_account_id = 2 AND business_date = '2026-08-14' ORDER BY `bank_closings`.`id` LIMIT 1

2026/08/14 18:06:33 [32mC:/Users/ARMSS GROUPS/Documents/Stationery_Management/StationaryManagement/trustManagement/backend/internal/shared/cashfigures.go:42
[0m[33m[2.017ms] [34;1m[rows:1][0m SELECT actual_closing FROM `bank_closings` WHERE bank_account_id = 4 AND business_date < '2026-08-14' ORDER BY business_date DESC LIMIT 1

2026/08/14 18:06:33 [32mC:/Users/ARMSS GROUPS/Documents/Stationery_Management/StationaryManagement/trustManagement/backend/internal/bank/bank.go:521
[0m[33m[8.438ms] [34;1m[rows:1][0m SELECT COALESCE(SUM(amount), 0) FROM `bank_transactions` WHERE bank_account_id = 5 AND business_date = '2026-08-14' AND transaction_type = 'CREDIT'

2026/08/14 18:06:33 [32mC:/Users/ARMSS GROUPS/Documents/Stationery_Management/StationaryManagement/trustManagement/backend/internal/bank/bank.go:521
[0m[33m[2.796ms] [34;1m[rows:1][0m SELECT COALESCE(SUM(amount), 0) FROM `bank_transactions` WHERE bank_account_id = 4 AND business_date = '2026-08-14' AND transaction_type = 'CREDIT'

2026/08/14 18:06:33 [32mC:/Users/ARMSS GROUPS/Documents/Stationery_Management/StationaryManagement/trustManagement/backend/internal/bank/bank.go:540
[0m[33m[19.758ms] [34;1m[rows:1][0m SELECT * FROM `bank_accounts` WHERE `bank_accounts`.`id` = 1 ORDER BY `bank_accounts`.`id` LIMIT 1

2026/08/14 18:06:33 [32mC:/Users/ARMSS GROUPS/Documents/Stationery_Management/StationaryManagement/trustManagement/backend/internal/shared/cashfigures.go:42
[0m[33m[8.631ms] [34;1m[rows:1][0m SELECT actual_closing FROM `bank_closings` WHERE bank_account_id = 2 AND business_date < '2026-08-14' ORDER BY business_date DESC LIMIT 1

2026/08/14 18:06:33 [32mC:/Users/ARMSS GROUPS/Documents/Stationery_Management/StationaryManagement/trustManagement/backend/internal/bank/bank.go:524
[0m[33m[3.301ms] [34;1m[rows:1][0m SELECT COALESCE(SUM(amount), 0) FROM `bank_transactions` WHERE bank_account_id = 4 AND business_date = '2026-08-14' AND transaction_type = 'DEBIT'
[90m6:06PM[0m [32mINF[0m [1mHTTP Request[0m [36mip=[0m::1 [36mlatency=[0m33.2624 [36mmethod=[0mGET [36mpath=[0m/api/v1/bank-accounts/4/closing-status?date=2026-08-14 [36mstatus=[0m200

2026/08/14 18:06:33 [32mC:/Users/ARMSS GROUPS/Documents/Stationery_Management/StationaryManagement/trustManagement/backend/internal/bank/bank.go:351
[0m[33m[24.116ms] [34;1m[rows:5][0m SELECT * FROM `bank_accounts`

2026/08/14 18:06:33 [32mC:/Users/ARMSS GROUPS/Documents/Stationery_Management/StationaryManagement/trustManagement/backend/internal/bank/bank.go:524
[0m[33m[1.053ms] [34;1m[rows:1][0m SELECT COALESCE(SUM(amount), 0) FROM `bank_transactions` WHERE bank_account_id = 5 AND business_date = '2026-08-14' AND transaction_type = 'DEBIT'

2026/08/14 18:06:33 [32mC:/Users/ARMSS GROUPS/Documents/Stationery_Management/StationaryManagement/trustManagement/backend/internal/bank/bank.go:540
[0m[33m[45.804ms] [34;1m[rows:1][0m SELECT * FROM `bank_accounts` WHERE `bank_accounts`.`id` = 3 ORDER BY `bank_accounts`.`id` LIMIT 1
[90m6:06PM[0m [32mINF[0m [1mHTTP Request[0m [36mip=[0m::1 [36mlatency=[0m51.0675 [36mmethod=[0mGET [36mpath=[0m/api/v1/bank-accounts/5/closing-status?date=2026-08-14 [36mstatus=[0m200

2026/08/14 18:06:33 [32mC:/Users/ARMSS GROUPS/Documents/Stationery_Management/StationaryManagement/trustManagement/backend/internal/bank/bank.go:374
[0m[33m[5.229ms] [34;1m[rows:4][0m SELECT bank_transactions.bank_account_id as bank_account_id,
			bank_transactions.amount as amount,
			bank_transactions.business_date as business_date,
			bank_transactions.source_type as source_type,
			bank_transactions.reference_number as tx_reference,
			COALESCE(schemes.name, '') as scheme_name,
			COALESCE(schemes.food_type, '') as food_type,
			COALESCE(schemes.meal_type, '') as meal_type,
			COALESCE(schemes.category, '') as category,
			COALESCE(donations.purpose, '') as purpose,
			COALESCE(donations.reference_number, '') as reference_number,
			COALESCE(donors.full_name, '') as donor_name FROM `bank_transactions` LEFT JOIN donations ON bank_transactions.source_type = 'DONATION' AND bank_transactions.source_id = donations.id LEFT JOIN schemes ON schemes.id = donations.scheme_id LEFT JOIN donors ON donors.id = donations.donor_id WHERE bank_transactions.transaction_type = 'CREDIT' AND bank_transactions.business_date = '2026-08-14'

2026/08/14 18:06:33 [31;1mC:/Users/ARMSS GROUPS/Documents/Stationery_Management/StationaryManagement/trustManagement/backend/internal/bank/bank.go:548 [35;1mrecord not found
[0m[33m[1.757ms] [34;1m[rows:0][0m SELECT * FROM `bank_closings` WHERE bank_account_id = 3 AND business_date = '2026-08-14' ORDER BY `bank_closings`.`id` LIMIT 1

2026/08/14 18:06:33 [31;1mC:/Users/ARMSS GROUPS/Documents/Stationery_Management/StationaryManagement/trustManagement/backend/internal/bank/bank.go:548 [35;1mrecord not found
[0m[33m[9.056ms] [34;1m[rows:0][0m SELECT * FROM `bank_closings` WHERE bank_account_id = 1 AND business_date = '2026-08-14' ORDER BY `bank_closings`.`id` LIMIT 1

2026/08/14 18:06:33 [32mC:/Users/ARMSS GROUPS/Documents/Stationery_Management/StationaryManagement/trustManagement/backend/internal/bank/bank.go:521
[0m[33m[2.777ms] [34;1m[rows:1][0m SELECT COALESCE(SUM(amount), 0) FROM `bank_transactions` WHERE bank_account_id = 2 AND business_date = '2026-08-14' AND transaction_type = 'CREDIT'

2026/08/14 18:06:33 [32mC:/Users/ARMSS GROUPS/Documents/Stationery_Management/StationaryManagement/trustManagement/backend/internal/shared/cashfigures.go:42
[0m[33m[2.667ms] [34;1m[rows:1][0m SELECT actual_closing FROM `bank_closings` WHERE bank_account_id = 1 AND business_date < '2026-08-14' ORDER BY business_date DESC LIMIT 1

2026/08/14 18:06:33 [32mC:/Users/ARMSS GROUPS/Documents/Stationery_Management/StationaryManagement/trustManagement/backend/internal/shared/cashfigures.go:42
[0m[33m[2.667ms] [34;1m[rows:1][0m SELECT actual_closing FROM `bank_closings` WHERE bank_account_id = 3 AND business_date < '2026-08-14' ORDER BY business_date DESC LIMIT 1

2026/08/14 18:06:33 [32mC:/Users/ARMSS GROUPS/Documents/Stationery_Management/StationaryManagement/trustManagement/backend/internal/bank/bank.go:389
[0m[33m[2.667ms] [34;1m[rows:0][0m SELECT bank_transactions.bank_account_id as bank_account_id,
			bank_transactions.amount as amount,
			bank_transactions.business_date as business_date,
			bank_transactions.source_type as source_type,
			bank_transactions.reference_number as tx_reference,
			bank_transactions.category as category,
			COALESCE(expenses.payee_name, '') as payee_name,
			COALESCE(expenses.description, '') as description,
			COALESCE(expenses.reference_number, '') as expense_ref FROM `bank_transactions` LEFT JOIN expenses ON bank_transactions.source_type = 'EXPENSE' AND bank_transactions.source_id = expenses.id WHERE bank_transactions.transaction_type = 'DEBIT' AND bank_transactions.business_date = '2026-08-14'

2026/08/14 18:06:33 [32mC:/Users/ARMSS GROUPS/Documents/Stationery_Management/StationaryManagement/trustManagement/backend/internal/shared/cashfigures.go:42
[0m[33m[4.923ms] [34;1m[rows:1][0m SELECT actual_closing FROM `bank_closings` WHERE bank_account_id = 1 AND business_date < '2026-08-14' ORDER BY business_date DESC LIMIT 1

2026/08/14 18:06:33 [32mC:/Users/ARMSS GROUPS/Documents/Stationery_Management/StationaryManagement/trustManagement/backend/internal/shared/cashfigures.go:42
[0m[33m[2.242ms] [34;1m[rows:1][0m SELECT actual_closing FROM `bank_closings` WHERE bank_account_id = 2 AND business_date < '2026-08-14' ORDER BY business_date DESC LIMIT 1

2026/08/14 18:06:33 [32mC:/Users/ARMSS GROUPS/Documents/Stationery_Management/StationaryManagement/trustManagement/backend/internal/bank/bank.go:521
[0m[33m[8.089ms] [34;1m[rows:1][0m SELECT COALESCE(SUM(amount), 0) FROM `bank_transactions` WHERE bank_account_id = 3 AND business_date = '2026-08-14' AND transaction_type = 'CREDIT'

2026/08/14 18:06:33 [32mC:/Users/ARMSS GROUPS/Documents/Stationery_Management/StationaryManagement/trustManagement/backend/internal/bank/bank.go:521
[0m[33m[8.089ms] [34;1m[rows:1][0m SELECT COALESCE(SUM(amount), 0) FROM `bank_transactions` WHERE bank_account_id = 1 AND business_date = '2026-08-14' AND transaction_type = 'CREDIT'

2026/08/14 18:06:33 [32mC:/Users/ARMSS GROUPS/Documents/Stationery_Management/StationaryManagement/trustManagement/backend/internal/shared/cashfigures.go:42
[0m[33m[4.128ms] [34;1m[rows:1][0m SELECT actual_closing FROM `bank_closings` WHERE bank_account_id = 3 AND business_date < '2026-08-14' ORDER BY business_date DESC LIMIT 1

2026/08/14 18:06:33 [32mC:/Users/ARMSS GROUPS/Documents/Stationery_Management/StationaryManagement/trustManagement/backend/internal/bank/bank.go:524
[0m[33m[11.293ms] [34;1m[rows:1][0m SELECT COALESCE(SUM(amount), 0) FROM `bank_transactions` WHERE bank_account_id = 2 AND business_date = '2026-08-14' AND transaction_type = 'DEBIT'
[90m6:06PM[0m [32mINF[0m [1mHTTP Request[0m [36mip=[0m::1 [36mlatency=[0m54.2774 [36mmethod=[0mGET [36mpath=[0m/api/v1/bank-accounts/2/closing-status?date=2026-08-14 [36mstatus=[0m200

2026/08/14 18:06:33 [32mC:/Users/ARMSS GROUPS/Documents/Stationery_Management/StationaryManagement/trustManagement/backend/internal/shared/cashfigures.go:42
[0m[33m[3.567ms] [34;1m[rows:1][0m SELECT actual_closing FROM `bank_closings` WHERE bank_account_id = 4 AND business_date < '2026-08-14' ORDER BY business_date DESC LIMIT 1

2026/08/14 18:06:33 [32mC:/Users/ARMSS GROUPS/Documents/Stationery_Management/StationaryManagement/trustManagement/backend/internal/bank/bank.go:524
[0m[33m[6.771ms] [34;1m[rows:1][0m SELECT COALESCE(SUM(amount), 0) FROM `bank_transactions` WHERE bank_account_id = 3 AND business_date = '2026-08-14' AND transaction_type = 'DEBIT'
[90m6:06PM[0m [32mINF[0m [1mHTTP Request[0m [36mip=[0m::1 [36mlatency=[0m66.1084 [36mmethod=[0mGET [36mpath=[0m/api/v1/bank-accounts/3/closing-status?date=2026-08-14 [36mstatus=[0m200

2026/08/14 18:06:33 [32mC:/Users/ARMSS GROUPS/Documents/Stationery_Management/StationaryManagement/trustManagement/backend/internal/bank/bank.go:524
[0m[33m[5.496ms] [34;1m[rows:1][0m SELECT COALESCE(SUM(amount), 0) FROM `bank_transactions` WHERE bank_account_id = 1 AND business_date = '2026-08-14' AND transaction_type = 'DEBIT'
[90m6:06PM[0m [32mINF[0m [1mHTTP Request[0m [36mip=[0m::1 [36mlatency=[0m51.0979 [36mmethod=[0mGET [36mpath=[0m/api/v1/bank-accounts/1/closing-status?date=2026-08-14 [36mstatus=[0m200

2026/08/14 18:06:33 [32mC:/Users/ARMSS GROUPS/Documents/Stationery_Management/StationaryManagement/trustManagement/backend/internal/bank/bank.go:540
[0m[33m[7.615ms] [34;1m[rows:1][0m SELECT * FROM `bank_accounts` WHERE `bank_accounts`.`id` = 4 ORDER BY `bank_accounts`.`id` LIMIT 1

2026/08/14 18:06:33 [31;1mC:/Users/ARMSS GROUPS/Documents/Stationery_Management/StationaryManagement/trustManagement/backend/internal/bank/bank.go:548 [35;1mrecord not found
[0m[33m[4.031ms] [34;1m[rows:0][0m SELECT * FROM `bank_closings` WHERE bank_account_id = 4 AND business_date = '2026-08-14' ORDER BY `bank_closings`.`id` LIMIT 1

2026/08/14 18:06:33 [32mC:/Users/ARMSS GROUPS/Documents/Stationery_Management/StationaryManagement/trustManagement/backend/internal/bank/bank.go:540
[0m[33m[0.000ms] [34;1m[rows:1][0m SELECT * FROM `bank_accounts` WHERE `bank_accounts`.`id` = 5 ORDER BY `bank_accounts`.`id` LIMIT 1

2026/08/14 18:06:33 [32mC:/Users/ARMSS GROUPS/Documents/Stationery_Management/StationaryManagement/trustManagement/backend/internal/shared/cashfigures.go:42
[0m[33m[10.078ms] [34;1m[rows:1][0m SELECT actual_closing FROM `bank_closings` WHERE bank_account_id = 4 AND business_date < '2026-08-14' ORDER BY business_date DESC LIMIT 1

2026/08/14 18:06:33 [31;1mC:/Users/ARMSS GROUPS/Documents/Stationery_Management/StationaryManagement/trustManagement/backend/internal/bank/bank.go:548 [35;1mrecord not found
[0m[33m[10.100ms] [34;1m[rows:0][0m SELECT * FROM `bank_closings` WHERE bank_account_id = 5 AND business_date = '2026-08-14' ORDER BY `bank_closings`.`id` LIMIT 1

2026/08/14 18:06:33 [32mC:/Users/ARMSS GROUPS/Documents/Stationery_Management/StationaryManagement/trustManagement/backend/internal/bank/bank.go:540
[0m[33m[12.639ms] [34;1m[rows:1][0m SELECT * FROM `bank_accounts` WHERE `bank_accounts`.`id` = 2 ORDER BY `bank_accounts`.`id` LIMIT 1

2026/08/14 18:06:33 [32mC:/Users/ARMSS GROUPS/Documents/Stationery_Management/StationaryManagement/trustManagement/backend/internal/bank/bank.go:521
[0m[33m[0.000ms] [34;1m[rows:1][0m SELECT COALESCE(SUM(amount), 0) FROM `bank_transactions` WHERE bank_account_id = 4 AND business_date = '2026-08-14' AND transaction_type = 'CREDIT'

2026/08/14 18:06:33 [32mC:/Users/ARMSS GROUPS/Documents/Stationery_Management/StationaryManagement/trustManagement/backend/internal/shared/cashfigures.go:42
[0m[33m[15.116ms] [34;1m[rows:0][0m SELECT actual_closing FROM `bank_closings` WHERE bank_account_id = 5 AND business_date < '2026-08-14' ORDER BY business_date DESC LIMIT 1

2026/08/14 18:06:33 [32mC:/Users/ARMSS GROUPS/Documents/Stationery_Management/StationaryManagement/trustManagement/backend/internal/bank/bank.go:540
[0m[33m[2.920ms] [34;1m[rows:1][0m SELECT * FROM `bank_accounts` WHERE `bank_accounts`.`id` = 3 ORDER BY `bank_accounts`.`id` LIMIT 1

2026/08/14 18:06:33 [32mC:/Users/ARMSS GROUPS/Documents/Stationery_Management/StationaryManagement/trustManagement/backend/internal/bank/bank.go:540
[0m[33m[5.637ms] [34;1m[rows:1][0m SELECT * FROM `bank_accounts` WHERE `bank_accounts`.`id` = 1 ORDER BY `bank_accounts`.`id` LIMIT 1

2026/08/14 18:06:33 [32mC:/Users/ARMSS GROUPS/Documents/Stationery_Management/StationaryManagement/trustManagement/backend/internal/shared/cashfigures.go:42
[0m[33m[7.527ms] [34;1m[rows:0][0m SELECT actual_closing FROM `bank_closings` WHERE bank_account_id = 5 AND business_date < '2026-08-14' ORDER BY business_date DESC LIMIT 1

2026/08/14 18:06:33 [32mC:/Users/ARMSS GROUPS/Documents/Stationery_Management/StationaryManagement/trustManagement/backend/internal/bank/bank.go:524
[0m[33m[9.024ms] [34;1m[rows:1][0m SELECT COALESCE(SUM(amount), 0) FROM `bank_transactions` WHERE bank_account_id = 4 AND business_date = '2026-08-14' AND transaction_type = 'DEBIT'

2026/08/14 18:06:33 [31;1mC:/Users/ARMSS GROUPS/Documents/Stationery_Management/StationaryManagement/trustManagement/backend/internal/bank/bank.go:548 [35;1mrecord not found
[0m[33m[2.531ms] [34;1m[rows:0][0m SELECT * FROM `bank_closings` WHERE bank_account_id = 1 AND business_date = '2026-08-14' ORDER BY `bank_closings`.`id` LIMIT 1
[90m6:06PM[0m [32mINF[0m [1mHTTP Request[0m [36mip=[0m::1 [36mlatency=[0m35.3227 [36mmethod=[0mGET [36mpath=[0m/api/v1/bank-accounts/4/closing-status?date=2026-08-14 [36mstatus=[0m200

2026/08/14 18:06:33 [32mC:/Users/ARMSS GROUPS/Documents/Stationery_Management/StationaryManagement/trustManagement/backend/internal/shared/cashfigures.go:47
[0m[33m[13.573ms] [34;1m[rows:1][0m SELECT count(*) FROM `bank_closings` WHERE bank_account_id = 5 AND business_date < '2026-08-14'
[90m6:06PM[0m [32mINF[0m [1mHTTP Request[0m [36mip=[0m::1 [36mlatency=[0m90.9581 [36mmethod=[0mGET [36mpath=[0m/api/v1/bank-accounts/day-summary?date=2026-08-14 [36mstatus=[0m200

2026/08/14 18:06:33 [31;1mC:/Users/ARMSS GROUPS/Documents/Stationery_Management/StationaryManagement/trustManagement/backend/internal/bank/bank.go:548 [35;1mrecord not found
[0m[33m[8.081ms] [34;1m[rows:0][0m SELECT * FROM `bank_closings` WHERE bank_account_id = 2 AND business_date = '2026-08-14' ORDER BY `bank_closings`.`id` LIMIT 1

2026/08/14 18:06:33 [32mC:/Users/ARMSS GROUPS/Documents/Stationery_Management/StationaryManagement/trustManagement/backend/internal/shared/cashfigures.go:42
[0m[33m[5.551ms] [34;1m[rows:1][0m SELECT actual_closing FROM `bank_closings` WHERE bank_account_id = 1 AND business_date < '2026-08-14' ORDER BY business_date DESC LIMIT 1

2026/08/14 18:06:33 [32mC:/Users/ARMSS GROUPS/Documents/Stationery_Management/StationaryManagement/trustManagement/backend/internal/bank/bank.go:521
[0m[33m[2.654ms] [34;1m[rows:1][0m SELECT COALESCE(SUM(amount), 0) FROM `bank_transactions` WHERE bank_account_id = 1 AND business_date = '2026-08-14' AND transaction_type = 'CREDIT'

2026/08/14 18:06:33 [31;1mC:/Users/ARMSS GROUPS/Documents/Stationery_Management/StationaryManagement/trustManagement/backend/internal/bank/bank.go:548 [35;1mrecord not found
[0m[33m[12.237ms] [34;1m[rows:0][0m SELECT * FROM `bank_closings` WHERE bank_account_id = 3 AND business_date = '2026-08-14' ORDER BY `bank_closings`.`id` LIMIT 1

2026/08/14 18:06:33 [32mC:/Users/ARMSS GROUPS/Documents/Stationery_Management/StationaryManagement/trustManagement/backend/internal/shared/cashfigures.go:47
[0m[33m[14.725ms] [34;1m[rows:1][0m SELECT count(*) FROM `bank_closings` WHERE bank_account_id = 5 AND business_date < '2026-08-14'

2026/08/14 18:06:33 [32mC:/Users/ARMSS GROUPS/Documents/Stationery_Management/StationaryManagement/trustManagement/backend/internal/shared/cashfigures.go:42
[0m[33m[7.157ms] [34;1m[rows:1][0m SELECT actual_closing FROM `bank_closings` WHERE bank_account_id = 2 AND business_date < '2026-08-14' ORDER BY business_date DESC LIMIT 1

2026/08/14 18:06:33 [32mC:/Users/ARMSS GROUPS/Documents/Stationery_Management/StationaryManagement/trustManagement/backend/internal/bank/bank.go:521
[0m[33m[3.463ms] [34;1m[rows:1][0m SELECT COALESCE(SUM(amount), 0) FROM `bank_transactions` WHERE bank_account_id = 5 AND business_date = '2026-08-14' AND transaction_type = 'CREDIT'

2026/08/14 18:06:33 [32mC:/Users/ARMSS GROUPS/Documents/Stationery_Management/StationaryManagement/trustManagement/backend/internal/bank/bank.go:524
[0m[33m[3.549ms] [34;1m[rows:1][0m SELECT COALESCE(SUM(amount), 0) FROM `bank_transactions` WHERE bank_account_id = 5 AND business_date = '2026-08-14' AND transaction_type = 'DEBIT'
[90m6:06PM[0m [32mINF[0m [1mHTTP Request[0m [36mip=[0m::1 [36mlatency=[0m43.9402 [36mmethod=[0mGET [36mpath=[0m/api/v1/bank-accounts/5/closing-status?date=2026-08-14 [36mstatus=[0m200

2026/08/14 18:06:33 [32mC:/Users/ARMSS GROUPS/Documents/Stationery_Management/StationaryManagement/trustManagement/backend/internal/shared/cashfigures.go:42
[0m[33m[11.043ms] [34;1m[rows:1][0m SELECT actual_closing FROM `bank_closings` WHERE bank_account_id = 3 AND business_date < '2026-08-14' ORDER BY business_date DESC LIMIT 1

2026/08/14 18:06:33 [32mC:/Users/ARMSS GROUPS/Documents/Stationery_Management/StationaryManagement/trustManagement/backend/internal/bank/bank.go:521
[0m[33m[1.697ms] [34;1m[rows:1][0m SELECT COALESCE(SUM(amount), 0) FROM `bank_transactions` WHERE bank_account_id = 3 AND business_date = '2026-08-14' AND transaction_type = 'CREDIT'

2026/08/14 18:06:33 [32mC:/Users/ARMSS GROUPS/Documents/Stationery_Management/StationaryManagement/trustManagement/backend/internal/bank/bank.go:524
[0m[33m[15.768ms] [34;1m[rows:1][0m SELECT COALESCE(SUM(amount), 0) FROM `bank_transactions` WHERE bank_account_id = 1 AND business_date = '2026-08-14' AND transaction_type = 'DEBIT'
[90m6:06PM[0m [32mINF[0m [1mHTTP Request[0m [36mip=[0m::1 [36mlatency=[0m35.5331 [36mmethod=[0mGET [36mpath=[0m/api/v1/bank-accounts/1/closing-status?date=2026-08-14 [36mstatus=[0m200

2026/08/14 18:06:33 [32mC:/Users/ARMSS GROUPS/Documents/Stationery_Management/StationaryManagement/trustManagement/backend/internal/bank/bank.go:521
[0m[33m[12.740ms] [34;1m[rows:1][0m SELECT COALESCE(SUM(amount), 0) FROM `bank_transactions` WHERE bank_account_id = 2 AND business_date = '2026-08-14' AND transaction_type = 'CREDIT'

2026/08/14 18:06:33 [32mC:/Users/ARMSS GROUPS/Documents/Stationery_Management/StationaryManagement/trustManagement/backend/internal/bank/bank.go:351
[0m[33m[0.000ms] [34;1m[rows:5][0m SELECT * FROM `bank_accounts`

2026/08/14 18:06:33 [32mC:/Users/ARMSS GROUPS/Documents/Stationery_Management/StationaryManagement/trustManagement/backend/internal/bank/bank.go:524
[0m[33m[3.343ms] [34;1m[rows:1][0m SELECT COALESCE(SUM(amount), 0) FROM `bank_transactions` WHERE bank_account_id = 3 AND business_date = '2026-08-14' AND transaction_type = 'DEBIT'
[90m6:06PM[0m [32mINF[0m [1mHTTP Request[0m [36mip=[0m::1 [36mlatency=[0m40.3765 [36mmethod=[0mGET [36mpath=[0m/api/v1/bank-accounts/3/closing-status?date=2026-08-14 [36mstatus=[0m200

2026/08/14 18:06:33 [32mC:/Users/ARMSS GROUPS/Documents/Stationery_Management/StationaryManagement/trustManagement/backend/internal/bank/bank.go:524
[0m[33m[3.348ms] [34;1m[rows:1][0m SELECT COALESCE(SUM(amount), 0) FROM `bank_transactions` WHERE bank_account_id = 2 AND business_date = '2026-08-14' AND transaction_type = 'DEBIT'
[90m6:06PM[0m [32mINF[0m [1mHTTP Request[0m [36mip=[0m::1 [36mlatency=[0m55.0399 [36mmethod=[0mGET [36mpath=[0m/api/v1/bank-accounts/2/closing-status?date=2026-08-14 [36mstatus=[0m200

2026/08/14 18:06:33 [32mC:/Users/ARMSS GROUPS/Documents/Stationery_Management/StationaryManagement/trustManagement/backend/internal/bank/bank.go:374
[0m[33m[5.372ms] [34;1m[rows:4][0m SELECT bank_transactions.bank_account_id as bank_account_id,
			bank_transactions.amount as amount,
			bank_transactions.business_date as business_date,
			bank_transactions.source_type as source_type,
			bank_transactions.reference_number as tx_reference,
			COALESCE(schemes.name, '') as scheme_name,
			COALESCE(schemes.food_type, '') as food_type,
			COALESCE(schemes.meal_type, '') as meal_type,
			COALESCE(schemes.category, '') as category,
			COALESCE(donations.purpose, '') as purpose,
			COALESCE(donations.reference_number, '') as reference_number,
			COALESCE(donors.full_name, '') as donor_name FROM `bank_transactions` LEFT JOIN donations ON bank_transactions.source_type = 'DONATION' AND bank_transactions.source_id = donations.id LEFT JOIN schemes ON schemes.id = donations.scheme_id LEFT JOIN donors ON donors.id = donations.donor_id WHERE bank_transactions.transaction_type = 'CREDIT' AND bank_transactions.business_date = '2026-08-14'

2026/08/14 18:06:33 [32mC:/Users/ARMSS GROUPS/Documents/Stationery_Management/StationaryManagement/trustManagement/backend/internal/bank/bank.go:389
[0m[33m[15.785ms] [34;1m[rows:0][0m SELECT bank_transactions.bank_account_id as bank_account_id,
			bank_transactions.amount as amount,
			bank_transactions.business_date as business_date,
			bank_transactions.source_type as source_type,
			bank_transactions.reference_number as tx_reference,
			bank_transactions.category as category,
			COALESCE(expenses.payee_name, '') as payee_name,
			COALESCE(expenses.description, '') as description,
			COALESCE(expenses.reference_number, '') as expense_ref FROM `bank_transactions` LEFT JOIN expenses ON bank_transactions.source_type = 'EXPENSE' AND bank_transactions.source_id = expenses.id WHERE bank_transactions.transaction_type = 'DEBIT' AND bank_transactions.business_date = '2026-08-14'

2026/08/14 18:06:33 [32mC:/Users/ARMSS GROUPS/Documents/Stationery_Management/StationaryManagement/trustManagement/backend/internal/shared/cashfigures.go:42
[0m[33m[0.000ms] [34;1m[rows:1][0m SELECT actual_closing FROM `bank_closings` WHERE bank_account_id = 1 AND business_date < '2026-08-14' ORDER BY business_date DESC LIMIT 1

2026/08/14 18:06:33 [32mC:/Users/ARMSS GROUPS/Documents/Stationery_Management/StationaryManagement/trustManagement/backend/internal/shared/cashfigures.go:42
[0m[33m[4.536ms] [34;1m[rows:1][0m SELECT actual_closing FROM `bank_closings` WHERE bank_account_id = 2 AND business_date < '2026-08-14' ORDER BY business_date DESC LIMIT 1

2026/08/14 18:06:33 [32mC:/Users/ARMSS GROUPS/Documents/Stationery_Management/StationaryManagement/trustManagement/backend/internal/shared/cashfigures.go:42
[0m[33m[2.059ms] [34;1m[rows:1][0m SELECT actual_closing FROM `bank_closings` WHERE bank_account_id = 3 AND business_date < '2026-08-14' ORDER BY business_date DESC LIMIT 1

2026/08/14 18:06:33 [32mC:/Users/ARMSS GROUPS/Documents/Stationery_Management/StationaryManagement/trustManagement/backend/internal/shared/cashfigures.go:42
[0m[33m[0.000ms] [34;1m[rows:1][0m SELECT actual_closing FROM `bank_closings` WHERE bank_account_id = 4 AND business_date < '2026-08-14' ORDER BY business_date DESC LIMIT 1

2026/08/14 18:06:33 [32mC:/Users/ARMSS GROUPS/Documents/Stationery_Management/StationaryManagement/trustManagement/backend/internal/shared/cashfigures.go:42
[0m[33m[0.000ms] [34;1m[rows:0][0m SELECT actual_closing FROM `bank_closings` WHERE bank_account_id = 5 AND business_date < '2026-08-14' ORDER BY business_date DESC LIMIT 1

2026/08/14 18:06:33 [32mC:/Users/ARMSS GROUPS/Documents/Stationery_Management/StationaryManagement/trustManagement/backend/internal/shared/cashfigures.go:47
[0m[33m[2.049ms] [34;1m[rows:1][0m SELECT count(*) FROM `bank_closings` WHERE bank_account_id = 5 AND business_date < '2026-08-14'
[90m6:06PM[0m [32mINF[0m [1mHTTP Request[0m [36mip=[0m::1 [36mlatency=[0m37.456 [36mmethod=[0mGET [36mpath=[0m/api/v1/bank-accounts/day-summary?date=2026-08-14 [36mstatus=[0m200
[90m6:31PM[0m [32mINF[0m [1mHTTP Request[0m [36mip=[0m::1 [36mlatency=[0m0 [36mmethod=[0mOPTIONS [36mpath=[0m/api/v1/bank-accounts/close-all [36mstatus=[0m204

2026/08/14 18:31:56 [32mC:/Users/ARMSS GROUPS/Documents/Stationery_Management/StationaryManagement/trustManagement/backend/internal/middleware/closed_day.go:26
[0m[33m[2.083ms] [34;1m[rows:1][0m SELECT * FROM `daily_closings` WHERE business_date = '2026-08-14' ORDER BY `daily_closings`.`id` LIMIT 1

2026/08/14 18:31:56 [32mC:/Users/ARMSS GROUPS/Documents/Stationery_Management/StationaryManagement/trustManagement/backend/internal/bank/bank.go:696
[0m[33m[1.388ms] [34;1m[rows:1][0m SELECT * FROM `bank_accounts` WHERE `bank_accounts`.`id` = 5 ORDER BY `bank_accounts`.`id` LIMIT 1

2026/08/14 18:31:56 [31;1mC:/Users/ARMSS GROUPS/Documents/Stationery_Management/StationaryManagement/trustManagement/backend/internal/bank/bank.go:702 [35;1mrecord not found
[0m[33m[1.099ms] [34;1m[rows:0][0m SELECT * FROM `bank_closings` WHERE bank_account_id = 5 AND business_date = '2026-08-14' ORDER BY `bank_closings`.`id` LIMIT 1

2026/08/14 18:31:56 [32mC:/Users/ARMSS GROUPS/Documents/Stationery_Management/StationaryManagement/trustManagement/backend/internal/shared/cashfigures.go:42
[0m[33m[1.137ms] [34;1m[rows:0][0m SELECT actual_closing FROM `bank_closings` WHERE bank_account_id = 5 AND business_date < '2026-08-14' ORDER BY business_date DESC LIMIT 1

2026/08/14 18:31:56 [32mC:/Users/ARMSS GROUPS/Documents/Stationery_Management/StationaryManagement/trustManagement/backend/internal/shared/cashfigures.go:47
[0m[33m[0.944ms] [34;1m[rows:1][0m SELECT count(*) FROM `bank_closings` WHERE bank_account_id = 5 AND business_date < '2026-08-14'

2026/08/14 18:31:56 [32mC:/Users/ARMSS GROUPS/Documents/Stationery_Management/StationaryManagement/trustManagement/backend/internal/bank/bank.go:521
[0m[33m[1.136ms] [34;1m[rows:1][0m SELECT COALESCE(SUM(amount), 0) FROM `bank_transactions` WHERE bank_account_id = 5 AND business_date = '2026-08-14' AND transaction_type = 'CREDIT'

2026/08/14 18:31:56 [32mC:/Users/ARMSS GROUPS/Documents/Stationery_Management/StationaryManagement/trustManagement/backend/internal/bank/bank.go:524
[0m[33m[0.535ms] [34;1m[rows:1][0m SELECT COALESCE(SUM(amount), 0) FROM `bank_transactions` WHERE bank_account_id = 5 AND business_date = '2026-08-14' AND transaction_type = 'DEBIT'

2026/08/14 18:31:56 [32mC:/Users/ARMSS GROUPS/Documents/Stationery_Management/StationaryManagement/trustManagement/backend/internal/bank/bank.go:696
[0m[33m[2.560ms] [34;1m[rows:1][0m SELECT * FROM `bank_accounts` WHERE `bank_accounts`.`id` = 4 ORDER BY `bank_accounts`.`id` LIMIT 1

2026/08/14 18:31:56 [31;1mC:/Users/ARMSS GROUPS/Documents/Stationery_Management/StationaryManagement/trustManagement/backend/internal/bank/bank.go:702 [35;1mrecord not found
[0m[33m[2.331ms] [34;1m[rows:0][0m SELECT * FROM `bank_closings` WHERE bank_account_id = 4 AND business_date = '2026-08-14' ORDER BY `bank_closings`.`id` LIMIT 1

2026/08/14 18:31:56 [32mC:/Users/ARMSS GROUPS/Documents/Stationery_Management/StationaryManagement/trustManagement/backend/internal/shared/cashfigures.go:42
[0m[33m[1.091ms] [34;1m[rows:1][0m SELECT actual_closing FROM `bank_closings` WHERE bank_account_id = 4 AND business_date < '2026-08-14' ORDER BY business_date DESC LIMIT 1

2026/08/14 18:31:56 [32mC:/Users/ARMSS GROUPS/Documents/Stationery_Management/StationaryManagement/trustManagement/backend/internal/bank/bank.go:521
[0m[33m[0.992ms] [34;1m[rows:1][0m SELECT COALESCE(SUM(amount), 0) FROM `bank_transactions` WHERE bank_account_id = 4 AND business_date = '2026-08-14' AND transaction_type = 'CREDIT'

2026/08/14 18:31:56 [32mC:/Users/ARMSS GROUPS/Documents/Stationery_Management/StationaryManagement/trustManagement/backend/internal/bank/bank.go:524
[0m[33m[0.507ms] [34;1m[rows:1][0m SELECT COALESCE(SUM(amount), 0) FROM `bank_transactions` WHERE bank_account_id = 4 AND business_date = '2026-08-14' AND transaction_type = 'DEBIT'

2026/08/14 18:31:56 [32mC:/Users/ARMSS GROUPS/Documents/Stationery_Management/StationaryManagement/trustManagement/backend/internal/bank/bank.go:696
[0m[33m[0.608ms] [34;1m[rows:1][0m SELECT * FROM `bank_accounts` WHERE `bank_accounts`.`id` = 3 ORDER BY `bank_accounts`.`id` LIMIT 1

2026/08/14 18:31:56 [31;1mC:/Users/ARMSS GROUPS/Documents/Stationery_Management/StationaryManagement/trustManagement/backend/internal/bank/bank.go:702 [35;1mrecord not found
[0m[33m[0.676ms] [34;1m[rows:0][0m SELECT * FROM `bank_closings` WHERE bank_account_id = 3 AND business_date = '2026-08-14' ORDER BY `bank_closings`.`id` LIMIT 1

2026/08/14 18:31:56 [32mC:/Users/ARMSS GROUPS/Documents/Stationery_Management/StationaryManagement/trustManagement/backend/internal/shared/cashfigures.go:42
[0m[33m[0.547ms] [34;1m[rows:1][0m SELECT actual_closing FROM `bank_closings` WHERE bank_account_id = 3 AND business_date < '2026-08-14' ORDER BY business_date DESC LIMIT 1

2026/08/14 18:31:56 [32mC:/Users/ARMSS GROUPS/Documents/Stationery_Management/StationaryManagement/trustManagement/backend/internal/bank/bank.go:521
[0m[33m[1.348ms] [34;1m[rows:1][0m SELECT COALESCE(SUM(amount), 0) FROM `bank_transactions` WHERE bank_account_id = 3 AND business_date = '2026-08-14' AND transaction_type = 'CREDIT'

2026/08/14 18:31:56 [32mC:/Users/ARMSS GROUPS/Documents/Stationery_Management/StationaryManagement/trustManagement/backend/internal/bank/bank.go:524
[0m[33m[0.974ms] [34;1m[rows:1][0m SELECT COALESCE(SUM(amount), 0) FROM `bank_transactions` WHERE bank_account_id = 3 AND business_date = '2026-08-14' AND transaction_type = 'DEBIT'

2026/08/14 18:31:56 [32mC:/Users/ARMSS GROUPS/Documents/Stationery_Management/StationaryManagement/trustManagement/backend/internal/bank/bank.go:696
[0m[33m[0.841ms] [34;1m[rows:1][0m SELECT * FROM `bank_accounts` WHERE `bank_accounts`.`id` = 2 ORDER BY `bank_accounts`.`id` LIMIT 1

2026/08/14 18:31:56 [31;1mC:/Users/ARMSS GROUPS/Documents/Stationery_Management/StationaryManagement/trustManagement/backend/internal/bank/bank.go:702 [35;1mrecord not found
[0m[33m[0.508ms] [34;1m[rows:0][0m SELECT * FROM `bank_closings` WHERE bank_account_id = 2 AND business_date = '2026-08-14' ORDER BY `bank_closings`.`id` LIMIT 1

2026/08/14 18:31:56 [32mC:/Users/ARMSS GROUPS/Documents/Stationery_Management/StationaryManagement/trustManagement/backend/internal/shared/cashfigures.go:42
[0m[33m[1.607ms] [34;1m[rows:1][0m SELECT actual_closing FROM `bank_closings` WHERE bank_account_id = 2 AND business_date < '2026-08-14' ORDER BY business_date DESC LIMIT 1

2026/08/14 18:31:56 [32mC:/Users/ARMSS GROUPS/Documents/Stationery_Management/StationaryManagement/trustManagement/backend/internal/bank/bank.go:521
[0m[33m[0.507ms] [34;1m[rows:1][0m SELECT COALESCE(SUM(amount), 0) FROM `bank_transactions` WHERE bank_account_id = 2 AND business_date = '2026-08-14' AND transaction_type = 'CREDIT'

2026/08/14 18:31:56 [32mC:/Users/ARMSS GROUPS/Documents/Stationery_Management/StationaryManagement/trustManagement/backend/internal/bank/bank.go:524
[0m[33m[1.854ms] [34;1m[rows:1][0m SELECT COALESCE(SUM(amount), 0) FROM `bank_transactions` WHERE bank_account_id = 2 AND business_date = '2026-08-14' AND transaction_type = 'DEBIT'

2026/08/14 18:31:56 [32mC:/Users/ARMSS GROUPS/Documents/Stationery_Management/StationaryManagement/trustManagement/backend/internal/bank/bank.go:696
[0m[33m[2.237ms] [34;1m[rows:1][0m SELECT * FROM `bank_accounts` WHERE `bank_accounts`.`id` = 1 ORDER BY `bank_accounts`.`id` LIMIT 1

2026/08/14 18:31:56 [31;1mC:/Users/ARMSS GROUPS/Documents/Stationery_Management/StationaryManagement/trustManagement/backend/internal/bank/bank.go:702 [35;1mrecord not found
[0m[33m[1.203ms] [34;1m[rows:0][0m SELECT * FROM `bank_closings` WHERE bank_account_id = 1 AND business_date = '2026-08-14' ORDER BY `bank_closings`.`id` LIMIT 1

2026/08/14 18:31:56 [32mC:/Users/ARMSS GROUPS/Documents/Stationery_Management/StationaryManagement/trustManagement/backend/internal/shared/cashfigures.go:42
[0m[33m[0.529ms] [34;1m[rows:1][0m SELECT actual_closing FROM `bank_closings` WHERE bank_account_id = 1 AND business_date < '2026-08-14' ORDER BY business_date DESC LIMIT 1

2026/08/14 18:31:56 [32mC:/Users/ARMSS GROUPS/Documents/Stationery_Management/StationaryManagement/trustManagement/backend/internal/bank/bank.go:521
[0m[33m[1.004ms] [34;1m[rows:1][0m SELECT COALESCE(SUM(amount), 0) FROM `bank_transactions` WHERE bank_account_id = 1 AND business_date = '2026-08-14' AND transaction_type = 'CREDIT'

2026/08/14 18:31:56 [32mC:/Users/ARMSS GROUPS/Documents/Stationery_Management/StationaryManagement/trustManagement/backend/internal/bank/bank.go:524
[0m[33m[0.507ms] [34;1m[rows:1][0m SELECT COALESCE(SUM(amount), 0) FROM `bank_transactions` WHERE bank_account_id = 1 AND business_date = '2026-08-14' AND transaction_type = 'DEBIT'

2026/08/14 18:31:56 [32mC:/Users/ARMSS GROUPS/Documents/Stationery_Management/StationaryManagement/trustManagement/backend/internal/bank/bank.go:747
[0m[33m[2.054ms] [34;1m[rows:1][0m INSERT INTO `bank_closings` (`business_date`,`bank_account_id`,`opening_balance`,`total_credits`,`total_debits`,`expected_closing`,`actual_closing`,`difference`,`status`) VALUES ('2026-08-14 00:00:00',5,'10000000','80','0','10000080','10000080','0','CLOSED')

2026/08/14 18:31:56 [32mC:/Users/ARMSS GROUPS/Documents/Stationery_Management/StationaryManagement/trustManagement/backend/internal/bank/bank.go:747
[0m[33m[1.093ms] [34;1m[rows:1][0m INSERT INTO `bank_closings` (`business_date`,`bank_account_id`,`opening_balance`,`total_credits`,`total_debits`,`expected_closing`,`actual_closing`,`difference`,`status`) VALUES ('2026-08-14 00:00:00',4,'1000','0','0','1000','1000','0','CLOSED')

2026/08/14 18:31:56 [32mC:/Users/ARMSS GROUPS/Documents/Stationery_Management/StationaryManagement/trustManagement/backend/internal/bank/bank.go:747
[0m[33m[0.000ms] [34;1m[rows:1][0m INSERT INTO `bank_closings` (`business_date`,`bank_account_id`,`opening_balance`,`total_credits`,`total_debits`,`expected_closing`,`actual_closing`,`difference`,`status`) VALUES ('2026-08-14 00:00:00',3,'50000','3000','0','53000','53000','0','CLOSED')

2026/08/14 18:31:56 [32mC:/Users/ARMSS GROUPS/Documents/Stationery_Management/StationaryManagement/trustManagement/backend/internal/bank/bank.go:747
[0m[33m[0.000ms] [34;1m[rows:1][0m INSERT INTO `bank_closings` (`business_date`,`bank_account_id`,`opening_balance`,`total_credits`,`total_debits`,`expected_closing`,`actual_closing`,`difference`,`status`) VALUES ('2026-08-14 00:00:00',2,'150000','3500','0','153500','153500','0','CLOSED')

2026/08/14 18:31:56 [32mC:/Users/ARMSS GROUPS/Documents/Stationery_Management/StationaryManagement/trustManagement/backend/internal/bank/bank.go:747
[0m[33m[1.875ms] [34;1m[rows:1][0m INSERT INTO `bank_closings` (`business_date`,`bank_account_id`,`opening_balance`,`total_credits`,`total_debits`,`expected_closing`,`actual_closing`,`difference`,`status`) VALUES ('2026-08-14 00:00:00',1,'250000','0','0','250000','250000','0','CLOSED')

2026/08/14 18:31:56 [32mC:/Users/ARMSS GROUPS/Documents/Stationery_Management/StationaryManagement/trustManagement/backend/internal/bank/bank.go:765
[0m[33m[9.234ms] [34;1m[rows:1][0m INSERT INTO `audit_logs` (`user_id`,`action`,`entity_name`,`entity_id`,`before_data`,`after_data`,`reason`,`ip_address`,`created_at`) VALUES (1,'BANK_CLOSING_LOCKED_ALL','BankClosing',7,'null','[{"id":7,"business_date":"2026-08-14T00:00:00+05:30","bank_account_id":5,"opening_balance":10000000,"total_credits":80,"total_debits":0,"expected_closing":10000080,"actual_closing":10000080,"difference":0,"status":"CLOSED"},{"id":8,"business_date":"2026-08-14T00:00:00+05:30","bank_account_id":4,"opening_balance":1000,"total_credits":0,"total_debits":0,"expected_closing":1000,"actual_closing":1000,"difference":0,"status":"CLOSED"},{"id":9,"business_date":"2026-08-14T00:00:00+05:30","bank_account_id":3,"opening_balance":50000,"total_credits":3000,"total_debits":0,"expected_closing":53000,"actual_closing":53000,"difference":0,"status":"CLOSED"},{"id":10,"business_date":"2026-08-14T00:00:00+05:30","bank_account_id":2,"opening_balance":150000,"total_credits":3500,"total_debits":0,"expected_closing":153500,"actual_closing":153500,"difference":0,"status":"CLOSED"},{"id":11,"business_date":"2026-08-14T00:00:00+05:30","bank_account_id":1,"opening_balance":250000,"total_credits":0,"total_debits":0,"expected_closing":250000,"actual_closing":250000,"difference":0,"status":"CLOSED"}]','Closed 5 bank account(s) for 2026-08-14 in one combined action','::1','2026-08-14 18:31:56.46')
[90m6:31PM[0m [32mINF[0m [1mHTTP Request[0m [36mip=[0m::1 [36mlatency=[0m56.4859 [36mmethod=[0mPOST [36mpath=[0m/api/v1/bank-accounts/close-all [36mstatus=[0m200

2026/08/14 18:31:56 [32mC:/Users/ARMSS GROUPS/Documents/Stationery_Management/StationaryManagement/trustManagement/backend/internal/bank/bank.go:29
[0m[33m[0.000ms] [34;1m[rows:5][0m SELECT * FROM `bank_accounts` ORDER BY id desc
[90m6:31PM[0m [32mINF[0m [1mHTTP Request[0m [36mip=[0m::1 [36mlatency=[0m0 [36mmethod=[0mGET [36mpath=[0m/api/v1/bank-accounts [36mstatus=[0m200
[90m6:31PM[0m [32mINF[0m [1mHTTP Request[0m [36mip=[0m::1 [36mlatency=[0m0 [36mmethod=[0mOPTIONS [36mpath=[0m/api/v1/bank-accounts/5/closing-status?date=2026-08-14 [36mstatus=[0m204

2026/08/14 18:31:56 [32mC:/Users/ARMSS GROUPS/Documents/Stationery_Management/StationaryManagement/trustManagement/backend/internal/bank/bank.go:540
[0m[33m[8.818ms] [34;1m[rows:1][0m SELECT * FROM `bank_accounts` WHERE `bank_accounts`.`id` = 4 ORDER BY `bank_accounts`.`id` LIMIT 1

2026/08/14 18:31:56 [32mC:/Users/ARMSS GROUPS/Documents/Stationery_Management/StationaryManagement/trustManagement/backend/internal/bank/bank.go:540
[0m[33m[1.184ms] [34;1m[rows:1][0m SELECT * FROM `bank_accounts` WHERE `bank_accounts`.`id` = 2 ORDER BY `bank_accounts`.`id` LIMIT 1

2026/08/14 18:31:56 [32mC:/Users/ARMSS GROUPS/Documents/Stationery_Management/StationaryManagement/trustManagement/backend/internal/bank/bank.go:540
[0m[33m[3.148ms] [34;1m[rows:1][0m SELECT * FROM `bank_accounts` WHERE `bank_accounts`.`id` = 3 ORDER BY `bank_accounts`.`id` LIMIT 1

2026/08/14 18:31:56 [32mC:/Users/ARMSS GROUPS/Documents/Stationery_Management/StationaryManagement/trustManagement/backend/internal/bank/bank.go:548
[0m[33m[0.514ms] [34;1m[rows:1][0m SELECT * FROM `bank_closings` WHERE bank_account_id = 2 AND business_date = '2026-08-14' ORDER BY `bank_closings`.`id` LIMIT 1
[90m6:31PM[0m [32mINF[0m [1mHTTP Request[0m [36mip=[0m::1 [36mlatency=[0m3.662 [36mmethod=[0mGET [36mpath=[0m/api/v1/bank-accounts/2/closing-status?date=2026-08-14 [36mstatus=[0m200

2026/08/14 18:31:56 [32mC:/Users/ARMSS GROUPS/Documents/Stationery_Management/StationaryManagement/trustManagement/backend/internal/bank/bank.go:548
[0m[33m[0.000ms] [34;1m[rows:1][0m SELECT * FROM `bank_closings` WHERE bank_account_id = 3 AND business_date = '2026-08-14' ORDER BY `bank_closings`.`id` LIMIT 1
[90m6:31PM[0m [32mINF[0m [1mHTTP Request[0m [36mip=[0m::1 [36mlatency=[0m5.281 [36mmethod=[0mGET [36mpath=[0m/api/v1/bank-accounts/3/closing-status?date=2026-08-14 [36mstatus=[0m200

2026/08/14 18:31:56 [32mC:/Users/ARMSS GROUPS/Documents/Stationery_Management/StationaryManagement/trustManagement/backend/internal/bank/bank.go:548
[0m[33m[4.097ms] [34;1m[rows:1][0m SELECT * FROM `bank_closings` WHERE bank_account_id = 4 AND business_date = '2026-08-14' ORDER BY `bank_closings`.`id` LIMIT 1
[90m6:31PM[0m [32mINF[0m [1mHTTP Request[0m [36mip=[0m::1 [36mlatency=[0m13.4254 [36mmethod=[0mGET [36mpath=[0m/api/v1/bank-accounts/4/closing-status?date=2026-08-14 [36mstatus=[0m200

2026/08/14 18:31:56 [32mC:/Users/ARMSS GROUPS/Documents/Stationery_Management/StationaryManagement/trustManagement/backend/internal/bank/bank.go:540
[0m[33m[0.000ms] [34;1m[rows:1][0m SELECT * FROM `bank_accounts` WHERE `bank_accounts`.`id` = 1 ORDER BY `bank_accounts`.`id` LIMIT 1

2026/08/14 18:31:56 [32mC:/Users/ARMSS GROUPS/Documents/Stationery_Management/StationaryManagement/trustManagement/backend/internal/bank/bank.go:540
[0m[33m[10.829ms] [34;1m[rows:1][0m SELECT * FROM `bank_accounts` WHERE `bank_accounts`.`id` = 5 ORDER BY `bank_accounts`.`id` LIMIT 1

2026/08/14 18:31:56 [32mC:/Users/ARMSS GROUPS/Documents/Stationery_Management/StationaryManagement/trustManagement/backend/internal/bank/bank.go:548
[0m[33m[5.924ms] [34;1m[rows:1][0m SELECT * FROM `bank_closings` WHERE bank_account_id = 1 AND business_date = '2026-08-14' ORDER BY `bank_closings`.`id` LIMIT 1
[90m6:31PM[0m [32mINF[0m [1mHTTP Request[0m [36mip=[0m::1 [36mlatency=[0m14.7402 [36mmethod=[0mGET [36mpath=[0m/api/v1/bank-accounts/1/closing-status?date=2026-08-14 [36mstatus=[0m200

2026/08/14 18:31:56 [32mC:/Users/ARMSS GROUPS/Documents/Stationery_Management/StationaryManagement/trustManagement/backend/internal/bank/bank.go:351
[0m[33m[2.014ms] [34;1m[rows:5][0m SELECT * FROM `bank_accounts`

2026/08/14 18:31:56 [32mC:/Users/ARMSS GROUPS/Documents/Stationery_Management/StationaryManagement/trustManagement/backend/internal/bank/bank.go:374
[0m[33m[2.659ms] [34;1m[rows:4][0m SELECT bank_transactions.bank_account_id as bank_account_id,
			bank_transactions.amount as amount,
			bank_transactions.business_date as business_date,
			bank_transactions.source_type as source_type,
			bank_transactions.reference_number as tx_reference,
			COALESCE(schemes.name, '') as scheme_name,
			COALESCE(schemes.food_type, '') as food_type,
			COALESCE(schemes.meal_type, '') as meal_type,
			COALESCE(schemes.category, '') as category,
			COALESCE(donations.purpose, '') as purpose,
			COALESCE(donations.reference_number, '') as reference_number,
			COALESCE(donors.full_name, '') as donor_name FROM `bank_transactions` LEFT JOIN donations ON bank_transactions.source_type = 'DONATION' AND bank_transactions.source_id = donations.id LEFT JOIN schemes ON schemes.id = donations.scheme_id LEFT JOIN donors ON donors.id = donations.donor_id WHERE bank_transactions.transaction_type = 'CREDIT' AND bank_transactions.business_date = '2026-08-14'

2026/08/14 18:31:56 [32mC:/Users/ARMSS GROUPS/Documents/Stationery_Management/StationaryManagement/trustManagement/backend/internal/bank/bank.go:548
[0m[33m[7.466ms] [34;1m[rows:1][0m SELECT * FROM `bank_closings` WHERE bank_account_id = 5 AND business_date = '2026-08-14' ORDER BY `bank_closings`.`id` LIMIT 1
[90m6:31PM[0m [32mINF[0m [1mHTTP Request[0m [36mip=[0m::1 [36mlatency=[0m24.22 [36mmethod=[0mGET [36mpath=[0m/api/v1/bank-accounts/5/closing-status?date=2026-08-14 [36mstatus=[0m200

2026/08/14 18:31:56 [32mC:/Users/ARMSS GROUPS/Documents/Stationery_Management/StationaryManagement/trustManagement/backend/internal/bank/bank.go:389
[0m[33m[2.948ms] [34;1m[rows:0][0m SELECT bank_transactions.bank_account_id as bank_account_id,
			bank_transactions.amount as amount,
			bank_transactions.business_date as business_date,
			bank_transactions.source_type as source_type,
			bank_transactions.reference_number as tx_reference,
			bank_transactions.category as category,
			COALESCE(expenses.payee_name, '') as payee_name,
			COALESCE(expenses.description, '') as description,
			COALESCE(expenses.reference_number, '') as expense_ref FROM `bank_transactions` LEFT JOIN expenses ON bank_transactions.source_type = 'EXPENSE' AND bank_transactions.source_id = expenses.id WHERE bank_transactions.transaction_type = 'DEBIT' AND bank_transactions.business_date = '2026-08-14'

2026/08/14 18:31:56 [32mC:/Users/ARMSS GROUPS/Documents/Stationery_Management/StationaryManagement/trustManagement/backend/internal/shared/cashfigures.go:42
[0m[33m[3.609ms] [34;1m[rows:1][0m SELECT actual_closing FROM `bank_closings` WHERE bank_account_id = 1 AND business_date < '2026-08-14' ORDER BY business_date DESC LIMIT 1

2026/08/14 18:31:56 [32mC:/Users/ARMSS GROUPS/Documents/Stationery_Management/StationaryManagement/trustManagement/backend/internal/shared/cashfigures.go:42
[0m[33m[1.325ms] [34;1m[rows:1][0m SELECT actual_closing FROM `bank_closings` WHERE bank_account_id = 2 AND business_date < '2026-08-14' ORDER BY business_date DESC LIMIT 1

2026/08/14 18:31:56 [32mC:/Users/ARMSS GROUPS/Documents/Stationery_Management/StationaryManagement/trustManagement/backend/internal/shared/cashfigures.go:42
[0m[33m[1.097ms] [34;1m[rows:1][0m SELECT actual_closing FROM `bank_closings` WHERE bank_account_id = 3 AND business_date < '2026-08-14' ORDER BY business_date DESC LIMIT 1

2026/08/14 18:31:56 [32mC:/Users/ARMSS GROUPS/Documents/Stationery_Management/StationaryManagement/trustManagement/backend/internal/shared/cashfigures.go:42
[0m[33m[1.076ms] [34;1m[rows:1][0m SELECT actual_closing FROM `bank_closings` WHERE bank_account_id = 4 AND business_date < '2026-08-14' ORDER BY business_date DESC LIMIT 1

2026/08/14 18:31:56 [32mC:/Users/ARMSS GROUPS/Documents/Stationery_Management/StationaryManagement/trustManagement/backend/internal/shared/cashfigures.go:42
[0m[33m[1.150ms] [34;1m[rows:0][0m SELECT actual_closing FROM `bank_closings` WHERE bank_account_id = 5 AND business_date < '2026-08-14' ORDER BY business_date DESC LIMIT 1

2026/08/14 18:31:56 [32mC:/Users/ARMSS GROUPS/Documents/Stationery_Management/StationaryManagement/trustManagement/backend/internal/shared/cashfigures.go:47
[0m[33m[1.297ms] [34;1m[rows:1][0m SELECT count(*) FROM `bank_closings` WHERE bank_account_id = 5 AND business_date < '2026-08-14'
[90m6:31PM[0m [32mINF[0m [1mHTTP Request[0m [36mip=[0m::1 [36mlatency=[0m32.7353 [36mmethod=[0mGET [36mpath=[0m/api/v1/bank-accounts/day-summary?date=2026-08-14 [36mstatus=[0m200

2026/08/14 18:32:00 [32mC:/Users/ARMSS GROUPS/Documents/Stationery_Management/StationaryManagement/trustManagement/backend/internal/users/users.go:28
[0m[33m[7.560ms] [34;1m[rows:3][0m SELECT * FROM `users` ORDER BY id asc
[90m6:32PM[0m [32mINF[0m [1mHTTP Request[0m [36mip=[0m::1 [36mlatency=[0m7.56 [36mmethod=[0mGET [36mpath=[0m/api/v1/users [36mstatus=[0m200

2026/08/14 18:32:00 [32mC:/Users/ARMSS GROUPS/Documents/Stationery_Management/StationaryManagement/trustManagement/backend/internal/users/users.go:28
[0m[33m[0.000ms] [34;1m[rows:3][0m SELECT * FROM `users` ORDER BY id asc
[90m6:32PM[0m [32mINF[0m [1mHTTP Request[0m [36mip=[0m::1 [36mlatency=[0m0 [36mmethod=[0mGET [36mpath=[0m/api/v1/users [36mstatus=[0m200

2026/08/14 18:32:01 [32mC:/Users/ARMSS GROUPS/Documents/Stationery_Management/StationaryManagement/trustManagement/backend/internal/unlock/unlock.go:26
[0m[33m[1.403ms] [34;1m[rows:1][0m SELECT * FROM `bank_accounts` WHERE `bank_accounts`.`id` = 1

2026/08/14 18:32:01 [32mC:/Users/ARMSS GROUPS/Documents/Stationery_Management/StationaryManagement/trustManagement/backend/internal/unlock/unlock.go:178
[0m[33m[1.914ms] [34;1m[rows:2][0m SELECT * FROM `users` WHERE `users`.`id` IN (1,2)

2026/08/14 18:32:01 [32mC:/Users/ARMSS GROUPS/Documents/Stationery_Management/StationaryManagement/trustManagement/backend/internal/unlock/unlock.go:178
[0m[33m[34.995ms] [34;1m[rows:39][0m SELECT * FROM `audit_logs` ORDER BY id desc LIMIT 100

2026/08/14 18:32:01 [32mC:/Users/ARMSS GROUPS/Documents/Stationery_Management/StationaryManagement/trustManagement/backend/internal/unlock/unlock.go:26
[0m[33m[12.783ms] [34;1m[rows:2][0m SELECT * FROM `users` WHERE `users`.`id` IN (1,2)
[90m6:32PM[0m [32mINF[0m [1mHTTP Request[0m [36mip=[0m::1 [36mlatency=[0m49.8538 [36mmethod=[0mGET [36mpath=[0m/api/v1/audit-logs [36mstatus=[0m200

2026/08/14 18:32:01 [32mC:/Users/ARMSS GROUPS/Documents/Stationery_Management/StationaryManagement/trustManagement/backend/internal/unlock/unlock.go:26
[0m[33m[3.466ms] [34;1m[rows:1][0m SELECT * FROM `users` WHERE `users`.`id` = 1

2026/08/14 18:32:01 [32mC:/Users/ARMSS GROUPS/Documents/Stationery_Management/StationaryManagement/trustManagement/backend/internal/unlock/unlock.go:26
[0m[33m[43.772ms] [34;1m[rows:3][0m SELECT * FROM `unlock_requests` ORDER BY id desc
[90m6:32PM[0m [32mINF[0m [1mHTTP Request[0m [36mip=[0m::1 [36mlatency=[0m43.772 [36mmethod=[0mGET [36mpath=[0m/api/v1/unlock-requests [36mstatus=[0m200

2026/08/14 18:32:01 [32mC:/Users/ARMSS GROUPS/Documents/Stationery_Management/StationaryManagement/trustManagement/backend/internal/unlock/unlock.go:178
[0m[33m[2.023ms] [34;1m[rows:2][0m SELECT * FROM `users` WHERE `users`.`id` IN (1,2)

2026/08/14 18:32:01 [32mC:/Users/ARMSS GROUPS/Documents/Stationery_Management/StationaryManagement/trustManagement/backend/internal/unlock/unlock.go:178
[0m[33m[16.986ms] [34;1m[rows:39][0m SELECT * FROM `audit_logs` ORDER BY id desc LIMIT 100

2026/08/14 18:32:01 [32mC:/Users/ARMSS GROUPS/Documents/Stationery_Management/StationaryManagement/trustManagement/backend/internal/unlock/unlock.go:26
[0m[33m[5.180ms] [34;1m[rows:1][0m SELECT * FROM `bank_accounts` WHERE `bank_accounts`.`id` = 1

2026/08/14 18:32:01 [32mC:/Users/ARMSS GROUPS/Documents/Stationery_Management/StationaryManagement/trustManagement/backend/internal/unlock/unlock.go:26
[0m[33m[2.013ms] [34;1m[rows:2][0m SELECT * FROM `users` WHERE `users`.`id` IN (1,2)
[90m6:32PM[0m [32mINF[0m [1mHTTP Request[0m [36mip=[0m::1 [36mlatency=[0m63.7301 [36mmethod=[0mGET [36mpath=[0m/api/v1/audit-logs [36mstatus=[0m200

2026/08/14 18:32:01 [32mC:/Users/ARMSS GROUPS/Documents/Stationery_Management/StationaryManagement/trustManagement/backend/internal/unlock/unlock.go:26
[0m[33m[2.859ms] [34;1m[rows:1][0m SELECT * FROM `users` WHERE `users`.`id` = 1

2026/08/14 18:32:01 [32mC:/Users/ARMSS GROUPS/Documents/Stationery_Management/StationaryManagement/trustManagement/backend/internal/unlock/unlock.go:26
[0m[33m[12.069ms] [34;1m[rows:3][0m SELECT * FROM `unlock_requests` ORDER BY id desc
[90m6:32PM[0m [32mINF[0m [1mHTTP Request[0m [36mip=[0m::1 [36mlatency=[0m12.0687 [36mmethod=[0mGET [36mpath=[0m/api/v1/unlock-requests [36mstatus=[0m200

2026/08/14 18:32:09 [32mC:/Users/ARMSS GROUPS/Documents/Stationery_Management/StationaryManagement/trustManagement/backend/internal/unlock/unlock.go:78
[0m[33m[12.996ms] [34;1m[rows:1][0m INSERT INTO `unlock_requests` (`entity_type`,`bank_account_id`,`business_date`,`requested_by_id`,`request_reason`,`status`,`reviewed_by_id`,`review_reason`,`requested_at`,`reviewed_at`) VALUES ('CASH_DAY',NULL,'2026-08-14 05:30:00',1,'gsgdsgfd','PENDING',NULL,'','2026-08-14 18:32:09.535',NULL)

2026/08/14 18:32:09 [32mC:/Users/ARMSS GROUPS/Documents/Stationery_Management/StationaryManagement/trustManagement/backend/internal/unlock/unlock.go:83
[0m[33m[2.192ms] [34;1m[rows:1][0m SELECT * FROM `users` WHERE `users`.`id` = 1

2026/08/14 18:32:09 [32mC:/Users/ARMSS GROUPS/Documents/Stationery_Management/StationaryManagement/trustManagement/backend/internal/unlock/unlock.go:83
[0m[33m[3.924ms] [34;1m[rows:1][0m SELECT * FROM `unlock_requests` WHERE `unlock_requests`.`id` = 4 AND `unlock_requests`.`id` = 4 ORDER BY `unlock_requests`.`id` LIMIT 1
[90m6:32PM[0m [32mINF[0m [1mHTTP Request[0m [36mip=[0m::1 [36mlatency=[0m20.7521 [36mmethod=[0mPOST [36mpath=[0m/api/v1/unlock-requests [36mstatus=[0m201

2026/08/14 18:32:09 [32mC:/Users/ARMSS GROUPS/Documents/Stationery_Management/StationaryManagement/trustManagement/backend/internal/unlock/unlock.go:26
[0m[33m[4.060ms] [34;1m[rows:1][0m SELECT * FROM `bank_accounts` WHERE `bank_accounts`.`id` = 1

2026/08/14 18:32:09 [32mC:/Users/ARMSS GROUPS/Documents/Stationery_Management/StationaryManagement/trustManagement/backend/internal/unlock/unlock.go:178
[0m[33m[8.315ms] [34;1m[rows:2][0m SELECT * FROM `users` WHERE `users`.`id` IN (1,2)

2026/08/14 18:32:09 [32mC:/Users/ARMSS GROUPS/Documents/Stationery_Management/StationaryManagement/trustManagement/backend/internal/unlock/unlock.go:178
[0m[33m[18.518ms] [34;1m[rows:39][0m SELECT * FROM `audit_logs` ORDER BY id desc LIMIT 100

2026/08/14 18:32:09 [32mC:/Users/ARMSS GROUPS/Documents/Stationery_Management/StationaryManagement/trustManagement/backend/internal/unlock/unlock.go:26
[0m[33m[16.450ms] [34;1m[rows:2][0m SELECT * FROM `users` WHERE `users`.`id` IN (1,2)

2026/08/14 18:32:09 [32mC:/Users/ARMSS GROUPS/Documents/Stationery_Management/StationaryManagement/trustManagement/backend/internal/unlock/unlock.go:26
[0m[33m[1.775ms] [34;1m[rows:1][0m SELECT * FROM `users` WHERE `users`.`id` = 1

2026/08/14 18:32:09 [32mC:/Users/ARMSS GROUPS/Documents/Stationery_Management/StationaryManagement/trustManagement/backend/internal/unlock/unlock.go:26
[0m[33m[22.285ms] [34;1m[rows:4][0m SELECT * FROM `unlock_requests` ORDER BY id desc
[90m6:32PM[0m [32mINF[0m [1mHTTP Request[0m [36mip=[0m::1 [36mlatency=[0m26.3541 [36mmethod=[0mGET [36mpath=[0m/api/v1/unlock-requests [36mstatus=[0m200
[90m6:32PM[0m [32mINF[0m [1mHTTP Request[0m [36mip=[0m::1 [36mlatency=[0m28.6277 [36mmethod=[0mGET [36mpath=[0m/api/v1/audit-logs [36mstatus=[0m200
[90m6:32PM[0m [32mINF[0m [1mHTTP Request[0m [36mip=[0m::1 [36mlatency=[0m0 [36mmethod=[0mOPTIONS [36mpath=[0m/api/v1/unlock-requests/4/review [36mstatus=[0m204

2026/08/14 18:32:16 [32mC:/Users/ARMSS GROUPS/Documents/Stationery_Management/StationaryManagement/trustManagement/backend/internal/unlock/unlock.go:110
[0m[33m[1.580ms] [34;1m[rows:1][0m SELECT * FROM `unlock_requests` WHERE `unlock_requests`.`id` = 4 ORDER BY `unlock_requests`.`id` LIMIT 1

2026/08/14 18:32:16 [32mC:/Users/ARMSS GROUPS/Documents/Stationery_Management/StationaryManagement/trustManagement/backend/internal/unlock/unlock.go:127
[0m[33m[6.160ms] [34;1m[rows:1][0m UPDATE `unlock_requests` SET `entity_type`='CASH_DAY',`bank_account_id`=NULL,`business_date`='2026-08-14 00:00:00',`requested_by_id`=1,`request_reason`='gsgdsgfd',`status`='APPROVED',`reviewed_by_id`=1,`review_reason`='',`requested_at`='2026-08-14 18:32:09.535',`reviewed_at`='2026-08-14 18:32:16.289' WHERE `id` = 4

2026/08/14 18:32:16 [32mC:/Users/ARMSS GROUPS/Documents/Stationery_Management/StationaryManagement/trustManagement/backend/internal/unlock/unlock.go:145
[0m[33m[5.049ms] [34;1m[rows:1][0m SELECT * FROM `daily_closings` WHERE business_date = '2026-08-14' ORDER BY `daily_closings`.`id` LIMIT 1

2026/08/14 18:32:16 [32mC:/Users/ARMSS GROUPS/Documents/Stationery_Management/StationaryManagement/trustManagement/backend/internal/unlock/unlock.go:147
[0m[33m[2.148ms] [34;1m[rows:0][0m UPDATE `daily_closings` SET `business_date`='2026-08-14 00:00:00',`status`='UNLOCKED',`opening_cash`='12000',`cash_inflow`='23850',`cash_outflow`='600',`expected_closing_cash`='35250',`physical_cash_count`='35250',`cash_difference`='0',`closed_by_id`=1,`closed_at`='2026-08-14 16:48:28.411' WHERE `id` = 4

2026/08/14 18:32:16 [32mC:/Users/ARMSS GROUPS/Documents/Stationery_Management/StationaryManagement/trustManagement/backend/internal/unlock/unlock.go:147
[0m[33m[2.696ms] [34;1m[rows:0][0m INSERT INTO `daily_closings` (`business_date`,`status`,`opening_cash`,`cash_inflow`,`cash_outflow`,`expected_closing_cash`,`physical_cash_count`,`cash_difference`,`closed_by_id`,`closed_at`,`id`) VALUES ('2026-08-14 00:00:00','UNLOCKED','12000','23850','600','35250','35250','0',1,'2026-08-14 16:48:28.411',4) ON DUPLICATE KEY UPDATE `business_date`=VALUES(`business_date`),`status`=VALUES(`status`),`opening_cash`=VALUES(`opening_cash`),`cash_inflow`=VALUES(`cash_inflow`),`cash_outflow`=VALUES(`cash_outflow`),`expected_closing_cash`=VALUES(`expected_closing_cash`),`physical_cash_count`=VALUES(`physical_cash_count`),`cash_difference`=VALUES(`cash_difference`),`closed_by_id`=VALUES(`closed_by_id`),`closed_at`=VALUES(`closed_at`)

2026/08/14 18:32:16 [32mC:/Users/ARMSS GROUPS/Documents/Stationery_Management/StationaryManagement/trustManagement/backend/internal/unlock/unlock.go:163
[0m[33m[6.049ms] [34;1m[rows:1][0m INSERT INTO `audit_logs` (`user_id`,`action`,`entity_name`,`entity_id`,`before_data`,`after_data`,`reason`,`ip_address`,`created_at`) VALUES (1,'UNLOCK_REQUEST_APPROVED','UnlockRequest',4,'null','{"id":4,"entity_type":"CASH_DAY","bank_account_id":null,"business_date":"2026-08-14T00:00:00+05:30","requested_by":1,"request_reason":"gsgdsgfd","status":"APPROVED","reviewed_by":1,"review_reason":"","requested_at":"2026-08-14T18:32:09.535+05:30","reviewed_at":"2026-08-14T18:32:16.2890531+05:30"}','Unlock request for 2026-08-14 APPROVED. Notes: ','::1','2026-08-14 18:32:16.306')

2026/08/14 18:32:16 [32mC:/Users/ARMSS GROUPS/Documents/Stationery_Management/StationaryManagement/trustManagement/backend/internal/unlock/unlock.go:171
[0m[33m[0.511ms] [34;1m[rows:1][0m SELECT * FROM `users` WHERE `users`.`id` = 1

2026/08/14 18:32:16 [32mC:/Users/ARMSS GROUPS/Documents/Stationery_Management/StationaryManagement/trustManagement/backend/internal/unlock/unlock.go:171
[0m[33m[1.413ms] [34;1m[rows:1][0m SELECT * FROM `users` WHERE `users`.`id` = 1

2026/08/14 18:32:16 [32mC:/Users/ARMSS GROUPS/Documents/Stationery_Management/StationaryManagement/trustManagement/backend/internal/unlock/unlock.go:171
[0m[33m[5.067ms] [34;1m[rows:1][0m SELECT * FROM `unlock_requests` WHERE `unlock_requests`.`id` = 4 AND `unlock_requests`.`id` = 4 ORDER BY `unlock_requests`.`id` LIMIT 1
[90m6:32PM[0m [32mINF[0m [1mHTTP Request[0m [36mip=[0m::1 [36mlatency=[0m31.7926 [36mmethod=[0mPUT [36mpath=[0m/api/v1/unlock-requests/4/review [36mstatus=[0m200

2026/08/14 18:32:16 [32mC:/Users/ARMSS GROUPS/Documents/Stationery_Management/StationaryManagement/trustManagement/backend/internal/unlock/unlock.go:26
[0m[33m[0.000ms] [34;1m[rows:1][0m SELECT * FROM `bank_accounts` WHERE `bank_accounts`.`id` = 1

2026/08/14 18:32:16 [32mC:/Users/ARMSS GROUPS/Documents/Stationery_Management/StationaryManagement/trustManagement/backend/internal/unlock/unlock.go:178
[0m[33m[2.020ms] [34;1m[rows:2][0m SELECT * FROM `users` WHERE `users`.`id` IN (1,2)

2026/08/14 18:32:16 [32mC:/Users/ARMSS GROUPS/Documents/Stationery_Management/StationaryManagement/trustManagement/backend/internal/unlock/unlock.go:178
[0m[33m[9.482ms] [34;1m[rows:40][0m SELECT * FROM `audit_logs` ORDER BY id desc LIMIT 100

2026/08/14 18:32:16 [32mC:/Users/ARMSS GROUPS/Documents/Stationery_Management/StationaryManagement/trustManagement/backend/internal/unlock/unlock.go:26
[0m[33m[10.167ms] [34;1m[rows:2][0m SELECT * FROM `users` WHERE `users`.`id` IN (1,2)

2026/08/14 18:32:16 [32mC:/Users/ARMSS GROUPS/Documents/Stationery_Management/StationaryManagement/trustManagement/backend/internal/unlock/unlock.go:26
[0m[33m[0.000ms] [34;1m[rows:1][0m SELECT * FROM `users` WHERE `users`.`id` = 1

2026/08/14 18:32:16 [32mC:/Users/ARMSS GROUPS/Documents/Stationery_Management/StationaryManagement/trustManagement/backend/internal/unlock/unlock.go:26
[0m[33m[11.914ms] [34;1m[rows:4][0m SELECT * FROM `unlock_requests` ORDER BY id desc
[90m6:32PM[0m [32mINF[0m [1mHTTP Request[0m [36mip=[0m::1 [36mlatency=[0m11.9135 [36mmethod=[0mGET [36mpath=[0m/api/v1/unlock-requests [36mstatus=[0m200
[90m6:32PM[0m [32mINF[0m [1mHTTP Request[0m [36mip=[0m::1 [36mlatency=[0m150.7879 [36mmethod=[0mGET [36mpath=[0m/api/v1/audit-logs [36mstatus=[0m200

2026/08/14 18:32:20 [32mC:/Users/ARMSS GROUPS/Documents/Stationery_Management/StationaryManagement/trustManagement/backend/internal/report/report.go:31
[0m[33m[2.015ms] [34;1m[rows:1][0m SELECT COALESCE(SUM(amount), 0) FROM `cash_transactions` WHERE business_date = '2026-08-14' AND transaction_type = 'INFLOW'

2026/08/14 18:32:20 [32mC:/Users/ARMSS GROUPS/Documents/Stationery_Management/StationaryManagement/trustManagement/backend/internal/report/report.go:36
[0m[33m[2.013ms] [34;1m[rows:1][0m SELECT COALESCE(SUM(amount), 0) FROM `cash_transactions` WHERE business_date = '2026-08-14' AND transaction_type = 'OUTFLOW'

2026/08/14 18:32:20 [32mC:/Users/ARMSS GROUPS/Documents/Stationery_Management/StationaryManagement/trustManagement/backend/internal/report/report.go:41
[0m[33m[2.189ms] [34;1m[rows:1][0m SELECT COALESCE(SUM(amount), 0) FROM `bank_transactions` WHERE business_date = '2026-08-14' AND transaction_type = 'CREDIT'

2026/08/14 18:32:20 [32mC:/Users/ARMSS GROUPS/Documents/Stationery_Management/StationaryManagement/trustManagement/backend/internal/report/report.go:46
[0m[33m[2.013ms] [34;1m[rows:1][0m SELECT COALESCE(SUM(amount), 0) FROM `bank_transactions` WHERE business_date = '2026-08-14' AND transaction_type = 'DEBIT'

2026/08/14 18:32:20 [32mC:/Users/ARMSS GROUPS/Documents/Stationery_Management/StationaryManagement/trustManagement/backend/internal/report/report.go:61
[0m[33m[11.846ms] [34;1m[rows:7][0m SELECT COALESCE(schemes.name, NULLIF(donations.purpose, ''), 'General Donation') as scheme_name, COALESCE(schemes.category, 'GENERAL') as category, SUM(donations.amount) as total_amount, COUNT(donations.id) as count FROM `donations` LEFT JOIN schemes ON schemes.id = donations.scheme_id WHERE donations.business_date = '2026-08-14' GROUP BY scheme_name, schemes.category
[90m6:32PM[0m [32mINF[0m [1mHTTP Request[0m [36mip=[0m::1 [36mlatency=[0m20.0758 [36mmethod=[0mGET [36mpath=[0m/api/v1/reports/summary-book?date=2026-08-14 [36mstatus=[0m200

2026/08/14 18:32:20 [32mC:/Users/ARMSS GROUPS/Documents/Stationery_Management/StationaryManagement/trustManagement/backend/internal/report/report.go:31
[0m[33m[2.013ms] [34;1m[rows:1][0m SELECT COALESCE(SUM(amount), 0) FROM `cash_transactions` WHERE business_date = '2026-08-14' AND transaction_type = 'INFLOW'

2026/08/14 18:32:20 [32mC:/Users/ARMSS GROUPS/Documents/Stationery_Management/StationaryManagement/trustManagement/backend/internal/report/report.go:36
[0m[33m[2.014ms] [34;1m[rows:1][0m SELECT COALESCE(SUM(amount), 0) FROM `cash_transactions` WHERE business_date = '2026-08-14' AND transaction_type = 'OUTFLOW'

2026/08/14 18:32:20 [32mC:/Users/ARMSS GROUPS/Documents/Stationery_Management/StationaryManagement/trustManagement/backend/internal/report/report.go:41
[0m[33m[2.026ms] [34;1m[rows:1][0m SELECT COALESCE(SUM(amount), 0) FROM `bank_transactions` WHERE business_date = '2026-08-14' AND transaction_type = 'CREDIT'

2026/08/14 18:32:20 [32mC:/Users/ARMSS GROUPS/Documents/Stationery_Management/StationaryManagement/trustManagement/backend/internal/report/report.go:46
[0m[33m[2.019ms] [34;1m[rows:1][0m SELECT COALESCE(SUM(amount), 0) FROM `bank_transactions` WHERE business_date = '2026-08-14' AND transaction_type = 'DEBIT'

2026/08/14 18:32:20 [32mC:/Users/ARMSS GROUPS/Documents/Stationery_Management/StationaryManagement/trustManagement/backend/internal/report/report.go:61
[0m[33m[1.764ms] [34;1m[rows:7][0m SELECT COALESCE(schemes.name, NULLIF(donations.purpose, ''), 'General Donation') as scheme_name, COALESCE(schemes.category, 'GENERAL') as category, SUM(donations.amount) as total_amount, COUNT(donations.id) as count FROM `donations` LEFT JOIN schemes ON schemes.id = donations.scheme_id WHERE donations.business_date = '2026-08-14' GROUP BY scheme_name, schemes.category
[90m6:32PM[0m [32mINF[0m [1mHTTP Request[0m [36mip=[0m::1 [36mlatency=[0m14.6922 [36mmethod=[0mGET [36mpath=[0m/api/v1/reports/summary-book?date=2026-08-14 [36mstatus=[0m200
[90m6:32PM[0m [32mINF[0m [1mHTTP Request[0m [36mip=[0m::1 [36mlatency=[0m0 [36mmethod=[0mOPTIONS [36mpath=[0m/api/v1/cash/summary?date=2026-08-14 [36mstatus=[0m204
[90m6:32PM[0m [32mINF[0m [1mHTTP Request[0m [36mip=[0m::1 [36mlatency=[0m0 [36mmethod=[0mOPTIONS [36mpath=[0m/api/v1/cash/summary?date=2026-08-14 [36mstatus=[0m204

2026/08/14 18:32:21 [32mC:/Users/ARMSS GROUPS/Documents/Stationery_Management/StationaryManagement/trustManagement/backend/internal/cash/cash.go:34
[0m[33m[56.286ms] [34;1m[rows:1][0m SELECT COALESCE(SUM(amount), 0) FROM `cash_transactions` WHERE business_date = '2026-08-14' AND transaction_type = 'INFLOW'

2026/08/14 18:32:21 [32mC:/Users/ARMSS GROUPS/Documents/Stationery_Management/StationaryManagement/trustManagement/backend/internal/cash/cash.go:39
[0m[33m[2.018ms] [34;1m[rows:1][0m SELECT COALESCE(SUM(amount), 0) FROM `cash_transactions` WHERE business_date = '2026-08-14' AND transaction_type = 'OUTFLOW'

2026/08/14 18:32:21 [32mC:/Users/ARMSS GROUPS/Documents/Stationery_Management/StationaryManagement/trustManagement/backend/internal/cash/cash.go:42
[0m[33m[2.016ms] [34;1m[rows:1][0m SELECT * FROM `daily_closings` WHERE business_date = '2026-08-14' ORDER BY `daily_closings`.`id` LIMIT 1

2026/08/14 18:32:21 [32mC:/Users/ARMSS GROUPS/Documents/Stationery_Management/StationaryManagement/trustManagement/backend/internal/cash/cash.go:56
[0m[33m[14.703ms] [34;1m[rows:10][0m SELECT * FROM `cash_denominations` WHERE entity_type = 'DAILY_CLOSING' AND entity_id = 4

2026/08/14 18:32:21 [32mC:/Users/ARMSS GROUPS/Documents/Stationery_Management/StationaryManagement/trustManagement/backend/internal/cash/cash.go:77
[0m[33m[0.000ms] [34;1m[rows:2][0m SELECT * FROM `donors` WHERE `donors`.`id` IN (1,4)

2026/08/14 18:32:21 [32mC:/Users/ARMSS GROUPS/Documents/Stationery_Management/StationaryManagement/trustManagement/backend/internal/cash/cash.go:77
[0m[33m[7.535ms] [34;1m[rows:2][0m SELECT * FROM `schemes` WHERE `schemes`.`id` IN (7,6)

2026/08/14 18:32:21 [32mC:/Users/ARMSS GROUPS/Documents/Stationery_Management/StationaryManagement/trustManagement/backend/internal/cash/cash.go:77
[0m[33m[9.551ms] [34;1m[rows:7][0m SELECT * FROM `donations` WHERE business_date = '2026-08-14' AND payment_mode = 'CASH'

2026/08/14 18:32:21 [32mC:/Users/ARMSS GROUPS/Documents/Stationery_Management/StationaryManagement/trustManagement/backend/internal/cash/cash.go:131
[0m[33m[3.151ms] [34;1m[rows:2][0m SELECT * FROM `expenses` WHERE business_date = '2026-08-14' AND payment_mode = 'CASH'
[90m6:32PM[0m [32mINF[0m [1mHTTP Request[0m [36mip=[0m::1 [36mlatency=[0m90.529 [36mmethod=[0mGET [36mpath=[0m/api/v1/cash/summary?date=2026-08-14 [36mstatus=[0m200

2026/08/14 18:32:21 [32mC:/Users/ARMSS GROUPS/Documents/Stationery_Management/StationaryManagement/trustManagement/backend/internal/cash/cash.go:34
[0m[33m[0.521ms] [34;1m[rows:1][0m SELECT COALESCE(SUM(amount), 0) FROM `cash_transactions` WHERE business_date = '2026-08-14' AND transaction_type = 'INFLOW'

2026/08/14 18:32:21 [32mC:/Users/ARMSS GROUPS/Documents/Stationery_Management/StationaryManagement/trustManagement/backend/internal/cash/cash.go:39
[0m[33m[2.019ms] [34;1m[rows:1][0m SELECT COALESCE(SUM(amount), 0) FROM `cash_transactions` WHERE business_date = '2026-08-14' AND transaction_type = 'OUTFLOW'

2026/08/14 18:32:21 [32mC:/Users/ARMSS GROUPS/Documents/Stationery_Management/StationaryManagement/trustManagement/backend/internal/cash/cash.go:42
[0m[33m[0.000ms] [34;1m[rows:1][0m SELECT * FROM `daily_closings` WHERE business_date = '2026-08-14' ORDER BY `daily_closings`.`id` LIMIT 1

2026/08/14 18:32:21 [32mC:/Users/ARMSS GROUPS/Documents/Stationery_Management/StationaryManagement/trustManagement/backend/internal/cash/cash.go:56
[0m[33m[5.515ms] [34;1m[rows:10][0m SELECT * FROM `cash_denominations` WHERE entity_type = 'DAILY_CLOSING' AND entity_id = 4

2026/08/14 18:32:21 [32mC:/Users/ARMSS GROUPS/Documents/Stationery_Management/StationaryManagement/trustManagement/backend/internal/cash/cash.go:77
[0m[33m[9.643ms] [34;1m[rows:2][0m SELECT * FROM `donors` WHERE `donors`.`id` IN (1,4)

2026/08/14 18:32:21 [32mC:/Users/ARMSS GROUPS/Documents/Stationery_Management/StationaryManagement/trustManagement/backend/internal/cash/cash.go:77
[0m[33m[2.641ms] [34;1m[rows:2][0m SELECT * FROM `schemes` WHERE `schemes`.`id` IN (7,6)

2026/08/14 18:32:21 [32mC:/Users/ARMSS GROUPS/Documents/Stationery_Management/StationaryManagement/trustManagement/backend/internal/cash/cash.go:77
[0m[33m[14.301ms] [34;1m[rows:7][0m SELECT * FROM `donations` WHERE business_date = '2026-08-14' AND payment_mode = 'CASH'

2026/08/14 18:32:21 [32mC:/Users/ARMSS GROUPS/Documents/Stationery_Management/StationaryManagement/trustManagement/backend/internal/cash/cash.go:131
[0m[33m[2.018ms] [34;1m[rows:2][0m SELECT * FROM `expenses` WHERE business_date = '2026-08-14' AND payment_mode = 'CASH'
[90m6:32PM[0m [32mINF[0m [1mHTTP Request[0m [36mip=[0m::1 [36mlatency=[0m29.8839 [36mmethod=[0mGET [36mpath=[0m/api/v1/cash/summary?date=2026-08-14 [36mstatus=[0m200

2026/08/14 18:32:22 [32mC:/Users/ARMSS GROUPS/Documents/Stationery_Management/StationaryManagement/trustManagement/backend/internal/bank/bank.go:29
[0m[33m[0.000ms] [34;1m[rows:5][0m SELECT * FROM `bank_accounts` ORDER BY id desc
[90m6:32PM[0m [32mINF[0m [1mHTTP Request[0m [36mip=[0m::1 [36mlatency=[0m2.025 [36mmethod=[0mGET [36mpath=[0m/api/v1/bank-accounts [36mstatus=[0m200

2026/08/14 18:32:22 [32mC:/Users/ARMSS GROUPS/Documents/Stationery_Management/StationaryManagement/trustManagement/backend/internal/bank/bank.go:29
[0m[33m[33.720ms] [34;1m[rows:5][0m SELECT * FROM `bank_accounts` ORDER BY id desc
[90m6:32PM[0m [32mINF[0m [1mHTTP Request[0m [36mip=[0m::1 [36mlatency=[0m33.7202 [36mmethod=[0mGET [36mpath=[0m/api/v1/bank-accounts [36mstatus=[0m200

2026/08/14 18:32:22 [32mC:/Users/ARMSS GROUPS/Documents/Stationery_Management/StationaryManagement/trustManagement/backend/internal/bank/bank.go:540
[0m[33m[0.000ms] [34;1m[rows:1][0m SELECT * FROM `bank_accounts` WHERE `bank_accounts`.`id` = 1 ORDER BY `bank_accounts`.`id` LIMIT 1

2026/08/14 18:32:22 [32mC:/Users/ARMSS GROUPS/Documents/Stationery_Management/StationaryManagement/trustManagement/backend/internal/bank/bank.go:540
[0m[33m[33.767ms] [34;1m[rows:1][0m SELECT * FROM `bank_accounts` WHERE `bank_accounts`.`id` = 2 ORDER BY `bank_accounts`.`id` LIMIT 1

2026/08/14 18:32:22 [32mC:/Users/ARMSS GROUPS/Documents/Stationery_Management/StationaryManagement/trustManagement/backend/internal/bank/bank.go:540
[0m[33m[0.000ms] [34;1m[rows:1][0m SELECT * FROM `bank_accounts` WHERE `bank_accounts`.`id` = 3 ORDER BY `bank_accounts`.`id` LIMIT 1

2026/08/14 18:32:22 [32mC:/Users/ARMSS GROUPS/Documents/Stationery_Management/StationaryManagement/trustManagement/backend/internal/bank/bank.go:548
[0m[33m[5.226ms] [34;1m[rows:1][0m SELECT * FROM `bank_closings` WHERE bank_account_id = 2 AND business_date = '2026-08-14' ORDER BY `bank_closings`.`id` LIMIT 1
[90m6:32PM[0m [32mINF[0m [1mHTTP Request[0m [36mip=[0m::1 [36mlatency=[0m45.5485 [36mmethod=[0mGET [36mpath=[0m/api/v1/bank-accounts/2/closing-status?date=2026-08-14 [36mstatus=[0m200

2026/08/14 18:32:22 [32mC:/Users/ARMSS GROUPS/Documents/Stationery_Management/StationaryManagement/trustManagement/backend/internal/bank/bank.go:548
[0m[33m[53.012ms] [34;1m[rows:1][0m SELECT * FROM `bank_closings` WHERE bank_account_id = 1 AND business_date = '2026-08-14' ORDER BY `bank_closings`.`id` LIMIT 1
[90m6:32PM[0m [32mINF[0m [1mHTTP Request[0m [36mip=[0m::1 [36mlatency=[0m55.029 [36mmethod=[0mGET [36mpath=[0m/api/v1/bank-accounts/1/closing-status?date=2026-08-14 [36mstatus=[0m200

2026/08/14 18:32:22 [32mC:/Users/ARMSS GROUPS/Documents/Stationery_Management/StationaryManagement/trustManagement/backend/internal/bank/bank.go:548
[0m[33m[13.561ms] [34;1m[rows:1][0m SELECT * FROM `bank_closings` WHERE bank_account_id = 3 AND business_date = '2026-08-14' ORDER BY `bank_closings`.`id` LIMIT 1
[90m6:32PM[0m [32mINF[0m [1mHTTP Request[0m [36mip=[0m::1 [36mlatency=[0m17.6048 [36mmethod=[0mGET [36mpath=[0m/api/v1/bank-accounts/3/closing-status?date=2026-08-14 [36mstatus=[0m200

2026/08/14 18:32:22 [32mC:/Users/ARMSS GROUPS/Documents/Stationery_Management/StationaryManagement/trustManagement/backend/internal/bank/bank.go:540
[0m[33m[3.755ms] [34;1m[rows:1][0m SELECT * FROM `bank_accounts` WHERE `bank_accounts`.`id` = 5 ORDER BY `bank_accounts`.`id` LIMIT 1

2026/08/14 18:32:22 [32mC:/Users/ARMSS GROUPS/Documents/Stationery_Management/StationaryManagement/trustManagement/backend/internal/bank/bank.go:351
[0m[33m[5.772ms] [34;1m[rows:5][0m SELECT * FROM `bank_accounts`

2026/08/14 18:32:22 [32mC:/Users/ARMSS GROUPS/Documents/Stationery_Management/StationaryManagement/trustManagement/backend/internal/bank/bank.go:540
[0m[33m[12.099ms] [34;1m[rows:1][0m SELECT * FROM `bank_accounts` WHERE `bank_accounts`.`id` = 4 ORDER BY `bank_accounts`.`id` LIMIT 1

2026/08/14 18:32:22 [32mC:/Users/ARMSS GROUPS/Documents/Stationery_Management/StationaryManagement/trustManagement/backend/internal/bank/bank.go:548
[0m[33m[1.761ms] [34;1m[rows:1][0m SELECT * FROM `bank_closings` WHERE bank_account_id = 4 AND business_date = '2026-08-14' ORDER BY `bank_closings`.`id` LIMIT 1
[90m6:32PM[0m [32mINF[0m [1mHTTP Request[0m [36mip=[0m::1 [36mlatency=[0m13.8596 [36mmethod=[0mGET [36mpath=[0m/api/v1/bank-accounts/4/closing-status?date=2026-08-14 [36mstatus=[0m200

2026/08/14 18:32:22 [32mC:/Users/ARMSS GROUPS/Documents/Stationery_Management/StationaryManagement/trustManagement/backend/internal/bank/bank.go:374
[0m[33m[8.518ms] [34;1m[rows:4][0m SELECT bank_transactions.bank_account_id as bank_account_id,
			bank_transactions.amount as amount,
			bank_transactions.business_date as business_date,
			bank_transactions.source_type as source_type,
			bank_transactions.reference_number as tx_reference,
			COALESCE(schemes.name, '') as scheme_name,
			COALESCE(schemes.food_type, '') as food_type,
			COALESCE(schemes.meal_type, '') as meal_type,
			COALESCE(schemes.category, '') as category,
			COALESCE(donations.purpose, '') as purpose,
			COALESCE(donations.reference_number, '') as reference_number,
			COALESCE(donors.full_name, '') as donor_name FROM `bank_transactions` LEFT JOIN donations ON bank_transactions.source_type = 'DONATION' AND bank_transactions.source_id = donations.id LEFT JOIN schemes ON schemes.id = donations.scheme_id LEFT JOIN donors ON donors.id = donations.donor_id WHERE bank_transactions.transaction_type = 'CREDIT' AND bank_transactions.business_date = '2026-08-14'

2026/08/14 18:32:22 [32mC:/Users/ARMSS GROUPS/Documents/Stationery_Management/StationaryManagement/trustManagement/backend/internal/bank/bank.go:540
[0m[33m[2.972ms] [34;1m[rows:1][0m SELECT * FROM `bank_accounts` WHERE `bank_accounts`.`id` = 1 ORDER BY `bank_accounts`.`id` LIMIT 1

2026/08/14 18:32:22 [32mC:/Users/ARMSS GROUPS/Documents/Stationery_Management/StationaryManagement/trustManagement/backend/internal/bank/bank.go:540
[0m[33m[4.814ms] [34;1m[rows:1][0m SELECT * FROM `bank_accounts` WHERE `bank_accounts`.`id` = 2 ORDER BY `bank_accounts`.`id` LIMIT 1

2026/08/14 18:32:22 [32mC:/Users/ARMSS GROUPS/Documents/Stationery_Management/StationaryManagement/trustManagement/backend/internal/bank/bank.go:540
[0m[33m[6.886ms] [34;1m[rows:1][0m SELECT * FROM `bank_accounts` WHERE `bank_accounts`.`id` = 3 ORDER BY `bank_accounts`.`id` LIMIT 1

2026/08/14 18:32:22 [32mC:/Users/ARMSS GROUPS/Documents/Stationery_Management/StationaryManagement/trustManagement/backend/internal/bank/bank.go:548
[0m[33m[28.143ms] [34;1m[rows:1][0m SELECT * FROM `bank_closings` WHERE bank_account_id = 5 AND business_date = '2026-08-14' ORDER BY `bank_closings`.`id` LIMIT 1
[90m6:32PM[0m [32mINF[0m [1mHTTP Request[0m [36mip=[0m::1 [36mlatency=[0m37.6934 [36mmethod=[0mGET [36mpath=[0m/api/v1/bank-accounts/5/closing-status?date=2026-08-14 [36mstatus=[0m200

2026/08/14 18:32:22 [32mC:/Users/ARMSS GROUPS/Documents/Stationery_Management/StationaryManagement/trustManagement/backend/internal/bank/bank.go:389
[0m[33m[19.922ms] [34;1m[rows:0][0m SELECT bank_transactions.bank_account_id as bank_account_id,
			bank_transactions.amount as amount,
			bank_transactions.business_date as business_date,
			bank_transactions.source_type as source_type,
			bank_transactions.reference_number as tx_reference,
			bank_transactions.category as category,
			COALESCE(expenses.payee_name, '') as payee_name,
			COALESCE(expenses.description, '') as description,
			COALESCE(expenses.reference_number, '') as expense_ref FROM `bank_transactions` LEFT JOIN expenses ON bank_transactions.source_type = 'EXPENSE' AND bank_transactions.source_id = expenses.id WHERE bank_transactions.transaction_type = 'DEBIT' AND bank_transactions.business_date = '2026-08-14'

2026/08/14 18:32:22 [32mC:/Users/ARMSS GROUPS/Documents/Stationery_Management/StationaryManagement/trustManagement/backend/internal/shared/cashfigures.go:42
[0m[33m[0.000ms] [34;1m[rows:1][0m SELECT actual_closing FROM `bank_closings` WHERE bank_account_id = 1 AND business_date < '2026-08-14' ORDER BY business_date DESC LIMIT 1

2026/08/14 18:32:22 [32mC:/Users/ARMSS GROUPS/Documents/Stationery_Management/StationaryManagement/trustManagement/backend/internal/bank/bank.go:548
[0m[33m[2.014ms] [34;1m[rows:1][0m SELECT * FROM `bank_closings` WHERE bank_account_id = 3 AND business_date = '2026-08-14' ORDER BY `bank_closings`.`id` LIMIT 1
[90m6:32PM[0m [32mINF[0m [1mHTTP Request[0m [36mip=[0m::1 [36mlatency=[0m11.4643 [36mmethod=[0mGET [36mpath=[0m/api/v1/bank-accounts/3/closing-status?date=2026-08-14 [36mstatus=[0m200

2026/08/14 18:32:22 [32mC:/Users/ARMSS GROUPS/Documents/Stationery_Management/StationaryManagement/trustManagement/backend/internal/bank/bank.go:548
[0m[33m[2.564ms] [34;1m[rows:1][0m SELECT * FROM `bank_closings` WHERE bank_account_id = 2 AND business_date = '2026-08-14' ORDER BY `bank_closings`.`id` LIMIT 1
[90m6:32PM[0m [32mINF[0m [1mHTTP Request[0m [36mip=[0m::1 [36mlatency=[0m16.4397 [36mmethod=[0mGET [36mpath=[0m/api/v1/bank-accounts/2/closing-status?date=2026-08-14 [36mstatus=[0m200

2026/08/14 18:32:22 [32mC:/Users/ARMSS GROUPS/Documents/Stationery_Management/StationaryManagement/trustManagement/backend/internal/bank/bank.go:548
[0m[33m[17.226ms] [34;1m[rows:1][0m SELECT * FROM `bank_closings` WHERE bank_account_id = 1 AND business_date = '2026-08-14' ORDER BY `bank_closings`.`id` LIMIT 1
[90m6:32PM[0m [32mINF[0m [1mHTTP Request[0m [36mip=[0m::1 [36mlatency=[0m20.7083 [36mmethod=[0mGET [36mpath=[0m/api/v1/bank-accounts/1/closing-status?date=2026-08-14 [36mstatus=[0m200

2026/08/14 18:32:22 [32mC:/Users/ARMSS GROUPS/Documents/Stationery_Management/StationaryManagement/trustManagement/backend/internal/shared/cashfigures.go:42
[0m[33m[16.854ms] [34;1m[rows:1][0m SELECT actual_closing FROM `bank_closings` WHERE bank_account_id = 2 AND business_date < '2026-08-14' ORDER BY business_date DESC LIMIT 1

2026/08/14 18:32:22 [32mC:/Users/ARMSS GROUPS/Documents/Stationery_Management/StationaryManagement/trustManagement/backend/internal/bank/bank.go:540
[0m[33m[16.065ms] [34;1m[rows:1][0m SELECT * FROM `bank_accounts` WHERE `bank_accounts`.`id` = 4 ORDER BY `bank_accounts`.`id` LIMIT 1

2026/08/14 18:32:22 [32mC:/Users/ARMSS GROUPS/Documents/Stationery_Management/StationaryManagement/trustManagement/backend/internal/shared/cashfigures.go:42
[0m[33m[6.241ms] [34;1m[rows:1][0m SELECT actual_closing FROM `bank_closings` WHERE bank_account_id = 3 AND business_date < '2026-08-14' ORDER BY business_date DESC LIMIT 1

2026/08/14 18:32:22 [32mC:/Users/ARMSS GROUPS/Documents/Stationery_Management/StationaryManagement/trustManagement/backend/internal/shared/cashfigures.go:42
[0m[33m[5.098ms] [34;1m[rows:1][0m SELECT actual_closing FROM `bank_closings` WHERE bank_account_id = 4 AND business_date < '2026-08-14' ORDER BY business_date DESC LIMIT 1

2026/08/14 18:32:22 [32mC:/Users/ARMSS GROUPS/Documents/Stationery_Management/StationaryManagement/trustManagement/backend/internal/shared/cashfigures.go:42
[0m[33m[1.125ms] [34;1m[rows:0][0m SELECT actual_closing FROM `bank_closings` WHERE bank_account_id = 5 AND business_date < '2026-08-14' ORDER BY business_date DESC LIMIT 1

2026/08/14 18:32:22 [32mC:/Users/ARMSS GROUPS/Documents/Stationery_Management/StationaryManagement/trustManagement/backend/internal/bank/bank.go:540
[0m[33m[18.145ms] [34;1m[rows:1][0m SELECT * FROM `bank_accounts` WHERE `bank_accounts`.`id` = 5 ORDER BY `bank_accounts`.`id` LIMIT 1

2026/08/14 18:32:22 [32mC:/Users/ARMSS GROUPS/Documents/Stationery_Management/StationaryManagement/trustManagement/backend/internal/bank/bank.go:548
[0m[33m[2.022ms] [34;1m[rows:1][0m SELECT * FROM `bank_closings` WHERE bank_account_id = 5 AND business_date = '2026-08-14' ORDER BY `bank_closings`.`id` LIMIT 1
[90m6:32PM[0m [32mINF[0m [1mHTTP Request[0m [36mip=[0m::1 [36mlatency=[0m21.2599 [36mmethod=[0mGET [36mpath=[0m/api/v1/bank-accounts/5/closing-status?date=2026-08-14 [36mstatus=[0m200

2026/08/14 18:32:22 [32mC:/Users/ARMSS GROUPS/Documents/Stationery_Management/StationaryManagement/trustManagement/backend/internal/shared/cashfigures.go:47
[0m[33m[5.153ms] [34;1m[rows:1][0m SELECT count(*) FROM `bank_closings` WHERE bank_account_id = 5 AND business_date < '2026-08-14'

2026/08/14 18:32:22 [32mC:/Users/ARMSS GROUPS/Documents/Stationery_Management/StationaryManagement/trustManagement/backend/internal/bank/bank.go:548
[0m[33m[13.394ms] [34;1m[rows:1][0m SELECT * FROM `bank_closings` WHERE bank_account_id = 4 AND business_date = '2026-08-14' ORDER BY `bank_closings`.`id` LIMIT 1
[90m6:32PM[0m [32mINF[0m [1mHTTP Request[0m [36mip=[0m::1 [36mlatency=[0m70.6977 [36mmethod=[0mGET [36mpath=[0m/api/v1/bank-accounts/day-summary?date=2026-08-14 [36mstatus=[0m200
[90m6:32PM[0m [32mINF[0m [1mHTTP Request[0m [36mip=[0m::1 [36mlatency=[0m31.671 [36mmethod=[0mGET [36mpath=[0m/api/v1/bank-accounts/4/closing-status?date=2026-08-14 [36mstatus=[0m200

2026/08/14 18:32:22 [32mC:/Users/ARMSS GROUPS/Documents/Stationery_Management/StationaryManagement/trustManagement/backend/internal/bank/bank.go:351
[0m[33m[2.592ms] [34;1m[rows:5][0m SELECT * FROM `bank_accounts`

2026/08/14 18:32:22 [32mC:/Users/ARMSS GROUPS/Documents/Stationery_Management/StationaryManagement/trustManagement/backend/internal/bank/bank.go:374
[0m[33m[0.514ms] [34;1m[rows:4][0m SELECT bank_transactions.bank_account_id as bank_account_id,
			bank_transactions.amount as amount,
			bank_transactions.business_date as business_date,
			bank_transactions.source_type as source_type,
			bank_transactions.reference_number as tx_reference,
			COALESCE(schemes.name, '') as scheme_name,
			COALESCE(schemes.food_type, '') as food_type,
			COALESCE(schemes.meal_type, '') as meal_type,
			COALESCE(schemes.category, '') as category,
			COALESCE(donations.purpose, '') as purpose,
			COALESCE(donations.reference_number, '') as reference_number,
			COALESCE(donors.full_name, '') as donor_name FROM `bank_transactions` LEFT JOIN donations ON bank_transactions.source_type = 'DONATION' AND bank_transactions.source_id = donations.id LEFT JOIN schemes ON schemes.id = donations.scheme_id LEFT JOIN donors ON donors.id = donations.donor_id WHERE bank_transactions.transaction_type = 'CREDIT' AND bank_transactions.business_date = '2026-08-14'

2026/08/14 18:32:22 [32mC:/Users/ARMSS GROUPS/Documents/Stationery_Management/StationaryManagement/trustManagement/backend/internal/bank/bank.go:389
[0m[33m[2.012ms] [34;1m[rows:0][0m SELECT bank_transactions.bank_account_id as bank_account_id,
			bank_transactions.amount as amount,
			bank_transactions.business_date as business_date,
			bank_transactions.source_type as source_type,
			bank_transactions.reference_number as tx_reference,
			bank_transactions.category as category,
			COALESCE(expenses.payee_name, '') as payee_name,
			COALESCE(expenses.description, '') as description,
			COALESCE(expenses.reference_number, '') as expense_ref FROM `bank_transactions` LEFT JOIN expenses ON bank_transactions.source_type = 'EXPENSE' AND bank_transactions.source_id = expenses.id WHERE bank_transactions.transaction_type = 'DEBIT' AND bank_transactions.business_date = '2026-08-14'

2026/08/14 18:32:22 [32mC:/Users/ARMSS GROUPS/Documents/Stationery_Management/StationaryManagement/trustManagement/backend/internal/shared/cashfigures.go:42
[0m[33m[2.023ms] [34;1m[rows:1][0m SELECT actual_closing FROM `bank_closings` WHERE bank_account_id = 1 AND business_date < '2026-08-14' ORDER BY business_date DESC LIMIT 1

2026/08/14 18:32:22 [32mC:/Users/ARMSS GROUPS/Documents/Stationery_Management/StationaryManagement/trustManagement/backend/internal/shared/cashfigures.go:42
[0m[33m[0.000ms] [34;1m[rows:1][0m SELECT actual_closing FROM `bank_closings` WHERE bank_account_id = 2 AND business_date < '2026-08-14' ORDER BY business_date DESC LIMIT 1

2026/08/14 18:32:22 [32mC:/Users/ARMSS GROUPS/Documents/Stationery_Management/StationaryManagement/trustManagement/backend/internal/shared/cashfigures.go:42
[0m[33m[0.516ms] [34;1m[rows:1][0m SELECT actual_closing FROM `bank_closings` WHERE bank_account_id = 3 AND business_date < '2026-08-14' ORDER BY business_date DESC LIMIT 1

2026/08/14 18:32:22 [32mC:/Users/ARMSS GROUPS/Documents/Stationery_Management/StationaryManagement/trustManagement/backend/internal/shared/cashfigures.go:42
[0m[33m[6.750ms] [34;1m[rows:1][0m SELECT actual_closing FROM `bank_closings` WHERE bank_account_id = 4 AND business_date < '2026-08-14' ORDER BY business_date DESC LIMIT 1

2026/08/14 18:32:22 [32mC:/Users/ARMSS GROUPS/Documents/Stationery_Management/StationaryManagement/trustManagement/backend/internal/shared/cashfigures.go:42
[0m[33m[0.000ms] [34;1m[rows:0][0m SELECT actual_closing FROM `bank_closings` WHERE bank_account_id = 5 AND business_date < '2026-08-14' ORDER BY business_date DESC LIMIT 1

2026/08/14 18:32:22 [32mC:/Users/ARMSS GROUPS/Documents/Stationery_Management/StationaryManagement/trustManagement/backend/internal/shared/cashfigures.go:47
[0m[33m[1.486ms] [34;1m[rows:1][0m SELECT count(*) FROM `bank_closings` WHERE bank_account_id = 5 AND business_date < '2026-08-14'
[90m6:32PM[0m [32mINF[0m [1mHTTP Request[0m [36mip=[0m::1 [36mlatency=[0m31.8093 [36mmethod=[0mGET [36mpath=[0m/api/v1/bank-accounts/day-summary?date=2026-08-14 [36mstatus=[0m200

2026/08/14 18:32:32 [32mC:/Users/ARMSS GROUPS/Documents/Stationery_Management/StationaryManagement/trustManagement/backend/internal/cash/cash.go:34
[0m[33m[1.558ms] [34;1m[rows:1][0m SELECT COALESCE(SUM(amount), 0) FROM `cash_transactions` WHERE business_date = '2026-08-14' AND transaction_type = 'INFLOW'

2026/08/14 18:32:32 [32mC:/Users/ARMSS GROUPS/Documents/Stationery_Management/StationaryManagement/trustManagement/backend/internal/cash/cash.go:39
[0m[33m[1.640ms] [34;1m[rows:1][0m SELECT COALESCE(SUM(amount), 0) FROM `cash_transactions` WHERE business_date = '2026-08-14' AND transaction_type = 'OUTFLOW'

2026/08/14 18:32:32 [32mC:/Users/ARMSS GROUPS/Documents/Stationery_Management/StationaryManagement/trustManagement/backend/internal/cash/cash.go:42
[0m[33m[1.567ms] [34;1m[rows:1][0m SELECT * FROM `daily_closings` WHERE business_date = '2026-08-14' ORDER BY `daily_closings`.`id` LIMIT 1

2026/08/14 18:32:32 [32mC:/Users/ARMSS GROUPS/Documents/Stationery_Management/StationaryManagement/trustManagement/backend/internal/cash/cash.go:56
[0m[33m[2.528ms] [34;1m[rows:10][0m SELECT * FROM `cash_denominations` WHERE entity_type = 'DAILY_CLOSING' AND entity_id = 4

2026/08/14 18:32:32 [32mC:/Users/ARMSS GROUPS/Documents/Stationery_Management/StationaryManagement/trustManagement/backend/internal/cash/cash.go:77
[0m[33m[1.518ms] [34;1m[rows:2][0m SELECT * FROM `donors` WHERE `donors`.`id` IN (1,4)

2026/08/14 18:32:32 [32mC:/Users/ARMSS GROUPS/Documents/Stationery_Management/StationaryManagement/trustManagement/backend/internal/cash/cash.go:77
[0m[33m[2.010ms] [34;1m[rows:2][0m SELECT * FROM `schemes` WHERE `schemes`.`id` IN (7,6)

2026/08/14 18:32:32 [32mC:/Users/ARMSS GROUPS/Documents/Stationery_Management/StationaryManagement/trustManagement/backend/internal/cash/cash.go:77
[0m[33m[28.160ms] [34;1m[rows:7][0m SELECT * FROM `donations` WHERE business_date = '2026-08-14' AND payment_mode = 'CASH'

2026/08/14 18:32:32 [32mC:/Users/ARMSS GROUPS/Documents/Stationery_Management/StationaryManagement/trustManagement/backend/internal/cash/cash.go:131
[0m[33m[2.985ms] [34;1m[rows:2][0m SELECT * FROM `expenses` WHERE business_date = '2026-08-14' AND payment_mode = 'CASH'
[90m6:32PM[0m [32mINF[0m [1mHTTP Request[0m [36mip=[0m::1 [36mlatency=[0m39.1809 [36mmethod=[0mGET [36mpath=[0m/api/v1/cash/summary?date=2026-08-14 [36mstatus=[0m200

2026/08/14 18:32:32 [32mC:/Users/ARMSS GROUPS/Documents/Stationery_Management/StationaryManagement/trustManagement/backend/internal/cash/cash.go:34
[0m[33m[2.043ms] [34;1m[rows:1][0m SELECT COALESCE(SUM(amount), 0) FROM `cash_transactions` WHERE business_date = '2026-08-14' AND transaction_type = 'INFLOW'

2026/08/14 18:32:32 [32mC:/Users/ARMSS GROUPS/Documents/Stationery_Management/StationaryManagement/trustManagement/backend/internal/cash/cash.go:39
[0m[33m[3.546ms] [34;1m[rows:1][0m SELECT COALESCE(SUM(amount), 0) FROM `cash_transactions` WHERE business_date = '2026-08-14' AND transaction_type = 'OUTFLOW'

2026/08/14 18:32:32 [32mC:/Users/ARMSS GROUPS/Documents/Stationery_Management/StationaryManagement/trustManagement/backend/internal/cash/cash.go:42
[0m[33m[0.509ms] [34;1m[rows:1][0m SELECT * FROM `daily_closings` WHERE business_date = '2026-08-14' ORDER BY `daily_closings`.`id` LIMIT 1

2026/08/14 18:32:32 [32mC:/Users/ARMSS GROUPS/Documents/Stationery_Management/StationaryManagement/trustManagement/backend/internal/cash/cash.go:56
[0m[33m[0.000ms] [34;1m[rows:10][0m SELECT * FROM `cash_denominations` WHERE entity_type = 'DAILY_CLOSING' AND entity_id = 4

2026/08/14 18:32:32 [32mC:/Users/ARMSS GROUPS/Documents/Stationery_Management/StationaryManagement/trustManagement/backend/internal/cash/cash.go:77
[0m[33m[0.000ms] [34;1m[rows:2][0m SELECT * FROM `donors` WHERE `donors`.`id` IN (1,4)

2026/08/14 18:32:32 [32mC:/Users/ARMSS GROUPS/Documents/Stationery_Management/StationaryManagement/trustManagement/backend/internal/cash/cash.go:77
[0m[33m[2.619ms] [34;1m[rows:2][0m SELECT * FROM `schemes` WHERE `schemes`.`id` IN (7,6)

2026/08/14 18:32:32 [32mC:/Users/ARMSS GROUPS/Documents/Stationery_Management/StationaryManagement/trustManagement/backend/internal/cash/cash.go:77
[0m[33m[5.676ms] [34;1m[rows:7][0m SELECT * FROM `donations` WHERE business_date = '2026-08-14' AND payment_mode = 'CASH'

2026/08/14 18:32:32 [32mC:/Users/ARMSS GROUPS/Documents/Stationery_Management/StationaryManagement/trustManagement/backend/internal/cash/cash.go:131
[0m[33m[0.532ms] [34;1m[rows:2][0m SELECT * FROM `expenses` WHERE business_date = '2026-08-14' AND payment_mode = 'CASH'
[90m6:32PM[0m [32mINF[0m [1mHTTP Request[0m [36mip=[0m::1 [36mlatency=[0m14.6377 [36mmethod=[0mGET [36mpath=[0m/api/v1/cash/summary?date=2026-08-14 [36mstatus=[0m200

2026/08/14 18:32:47 [32mC:/Users/ARMSS GROUPS/Documents/Stationery_Management/StationaryManagement/trustManagement/backend/internal/report/report.go:31
[0m[33m[0.000ms] [34;1m[rows:1][0m SELECT COALESCE(SUM(amount), 0) FROM `cash_transactions` WHERE business_date = '2026-08-14' AND transaction_type = 'INFLOW'

2026/08/14 18:32:47 [32mC:/Users/ARMSS GROUPS/Documents/Stationery_Management/StationaryManagement/trustManagement/backend/internal/report/report.go:36
[0m[33m[6.717ms] [34;1m[rows:1][0m SELECT COALESCE(SUM(amount), 0) FROM `cash_transactions` WHERE business_date = '2026-08-14' AND transaction_type = 'OUTFLOW'

2026/08/14 18:32:47 [32mC:/Users/ARMSS GROUPS/Documents/Stationery_Management/StationaryManagement/trustManagement/backend/internal/report/report.go:41
[0m[33m[34.382ms] [34;1m[rows:1][0m SELECT COALESCE(SUM(amount), 0) FROM `bank_transactions` WHERE business_date = '2026-08-14' AND transaction_type = 'CREDIT'

2026/08/14 18:32:47 [32mC:/Users/ARMSS GROUPS/Documents/Stationery_Management/StationaryManagement/trustManagement/backend/internal/report/report.go:46
[0m[33m[2.910ms] [34;1m[rows:1][0m SELECT COALESCE(SUM(amount), 0) FROM `bank_transactions` WHERE business_date = '2026-08-14' AND transaction_type = 'DEBIT'

2026/08/14 18:32:47 [32mC:/Users/ARMSS GROUPS/Documents/Stationery_Management/StationaryManagement/trustManagement/backend/internal/report/report.go:61
[0m[33m[4.177ms] [34;1m[rows:7][0m SELECT COALESCE(schemes.name, NULLIF(donations.purpose, ''), 'General Donation') as scheme_name, COALESCE(schemes.category, 'GENERAL') as category, SUM(donations.amount) as total_amount, COUNT(donations.id) as count FROM `donations` LEFT JOIN schemes ON schemes.id = donations.scheme_id WHERE donations.business_date = '2026-08-14' GROUP BY scheme_name, schemes.category
[90m6:32PM[0m [32mINF[0m [1mHTTP Request[0m [36mip=[0m::1 [36mlatency=[0m51.1247 [36mmethod=[0mGET [36mpath=[0m/api/v1/reports/summary-book?date=2026-08-14 [36mstatus=[0m200

2026/08/14 18:32:52 [32mC:/Users/ARMSS GROUPS/Documents/Stationery_Management/StationaryManagement/trustManagement/backend/internal/cash/cash.go:34
[0m[33m[2.022ms] [34;1m[rows:1][0m SELECT COALESCE(SUM(amount), 0) FROM `cash_transactions` WHERE business_date = '2026-08-14' AND transaction_type = 'INFLOW'

2026/08/14 18:32:52 [32mC:/Users/ARMSS GROUPS/Documents/Stationery_Management/StationaryManagement/trustManagement/backend/internal/cash/cash.go:39
[0m[33m[0.000ms] [34;1m[rows:1][0m SELECT COALESCE(SUM(amount), 0) FROM `cash_transactions` WHERE business_date = '2026-08-14' AND transaction_type = 'OUTFLOW'

2026/08/14 18:32:52 [32mC:/Users/ARMSS GROUPS/Documents/Stationery_Management/StationaryManagement/trustManagement/backend/internal/cash/cash.go:42
[0m[33m[1.073ms] [34;1m[rows:1][0m SELECT * FROM `daily_closings` WHERE business_date = '2026-08-14' ORDER BY `daily_closings`.`id` LIMIT 1

2026/08/14 18:32:52 [32mC:/Users/ARMSS GROUPS/Documents/Stationery_Management/StationaryManagement/trustManagement/backend/internal/cash/cash.go:56
[0m[33m[0.715ms] [34;1m[rows:10][0m SELECT * FROM `cash_denominations` WHERE entity_type = 'DAILY_CLOSING' AND entity_id = 4

2026/08/14 18:32:52 [32mC:/Users/ARMSS GROUPS/Documents/Stationery_Management/StationaryManagement/trustManagement/backend/internal/cash/cash.go:77
[0m[33m[26.114ms] [34;1m[rows:2][0m SELECT * FROM `donors` WHERE `donors`.`id` IN (1,4)

2026/08/14 18:32:52 [32mC:/Users/ARMSS GROUPS/Documents/Stationery_Management/StationaryManagement/trustManagement/backend/internal/cash/cash.go:77
[0m[33m[1.522ms] [34;1m[rows:2][0m SELECT * FROM `schemes` WHERE `schemes`.`id` IN (7,6)

2026/08/14 18:32:52 [32mC:/Users/ARMSS GROUPS/Documents/Stationery_Management/StationaryManagement/trustManagement/backend/internal/cash/cash.go:77
[0m[33m[31.730ms] [34;1m[rows:7][0m SELECT * FROM `donations` WHERE business_date = '2026-08-14' AND payment_mode = 'CASH'

2026/08/14 18:32:52 [32mC:/Users/ARMSS GROUPS/Documents/Stationery_Management/StationaryManagement/trustManagement/backend/internal/cash/cash.go:131
[0m[33m[2.018ms] [34;1m[rows:2][0m SELECT * FROM `expenses` WHERE business_date = '2026-08-14' AND payment_mode = 'CASH'
[90m6:32PM[0m [32mINF[0m [1mHTTP Request[0m [36mip=[0m::1 [36mlatency=[0m49.1938 [36mmethod=[0mGET [36mpath=[0m/api/v1/cash/summary?date=2026-08-14 [36mstatus=[0m200

2026/08/14 18:32:52 [32mC:/Users/ARMSS GROUPS/Documents/Stationery_Management/StationaryManagement/trustManagement/backend/internal/cash/cash.go:34
[0m[33m[2.015ms] [34;1m[rows:1][0m SELECT COALESCE(SUM(amount), 0) FROM `cash_transactions` WHERE business_date = '2026-08-14' AND transaction_type = 'INFLOW'

2026/08/14 18:32:52 [32mC:/Users/ARMSS GROUPS/Documents/Stationery_Management/StationaryManagement/trustManagement/backend/internal/cash/cash.go:39
[0m[33m[2.022ms] [34;1m[rows:1][0m SELECT COALESCE(SUM(amount), 0) FROM `cash_transactions` WHERE business_date = '2026-08-14' AND transaction_type = 'OUTFLOW'

2026/08/14 18:32:52 [32mC:/Users/ARMSS GROUPS/Documents/Stationery_Management/StationaryManagement/trustManagement/backend/internal/cash/cash.go:42
[0m[33m[1.432ms] [34;1m[rows:1][0m SELECT * FROM `daily_closings` WHERE business_date = '2026-08-14' ORDER BY `daily_closings`.`id` LIMIT 1

2026/08/14 18:32:52 [32mC:/Users/ARMSS GROUPS/Documents/Stationery_Management/StationaryManagement/trustManagement/backend/internal/cash/cash.go:56
[0m[33m[0.516ms] [34;1m[rows:10][0m SELECT * FROM `cash_denominations` WHERE entity_type = 'DAILY_CLOSING' AND entity_id = 4

2026/08/14 18:32:52 [32mC:/Users/ARMSS GROUPS/Documents/Stationery_Management/StationaryManagement/trustManagement/backend/internal/cash/cash.go:77
[0m[33m[6.373ms] [34;1m[rows:2][0m SELECT * FROM `donors` WHERE `donors`.`id` IN (1,4)

2026/08/14 18:32:52 [32mC:/Users/ARMSS GROUPS/Documents/Stationery_Management/StationaryManagement/trustManagement/backend/internal/cash/cash.go:77
[0m[33m[4.938ms] [34;1m[rows:2][0m SELECT * FROM `schemes` WHERE `schemes`.`id` IN (7,6)

2026/08/14 18:32:52 [32mC:/Users/ARMSS GROUPS/Documents/Stationery_Management/StationaryManagement/trustManagement/backend/internal/cash/cash.go:77
[0m[33m[81.889ms] [34;1m[rows:7][0m SELECT * FROM `donations` WHERE business_date = '2026-08-14' AND payment_mode = 'CASH'

2026/08/14 18:32:52 [32mC:/Users/ARMSS GROUPS/Documents/Stationery_Management/StationaryManagement/trustManagement/backend/internal/cash/cash.go:131
[0m[33m[1.113ms] [34;1m[rows:2][0m SELECT * FROM `expenses` WHERE business_date = '2026-08-14' AND payment_mode = 'CASH'
[90m6:32PM[0m [32mINF[0m [1mHTTP Request[0m [36mip=[0m::1 [36mlatency=[0m90.0171 [36mmethod=[0mGET [36mpath=[0m/api/v1/cash/summary?date=2026-08-14 [36mstatus=[0m200

2026/08/14 18:32:58 [32mC:/Users/ARMSS GROUPS/Documents/Stationery_Management/StationaryManagement/trustManagement/backend/internal/middleware/closed_day.go:26
[0m[33m[0.000ms] [34;1m[rows:1][0m SELECT * FROM `daily_closings` WHERE business_date = '2026-08-14' ORDER BY `daily_closings`.`id` LIMIT 1

2026/08/14 18:32:58 [32mC:/Users/ARMSS GROUPS/Documents/Stationery_Management/StationaryManagement/trustManagement/backend/internal/cash/cash.go:185
[0m[33m[1.558ms] [34;1m[rows:1][0m SELECT * FROM `daily_closings` WHERE business_date = '2026-08-14' ORDER BY `daily_closings`.`id` LIMIT 1

2026/08/14 18:32:58 [32mC:/Users/ARMSS GROUPS/Documents/Stationery_Management/StationaryManagement/trustManagement/backend/internal/cash/cash.go:206
[0m[33m[1.405ms] [34;1m[rows:10][0m DELETE FROM `cash_denominations` WHERE entity_type = 'DAILY_CLOSING' AND entity_id = 4

2026/08/14 18:32:58 [32mC:/Users/ARMSS GROUPS/Documents/Stationery_Management/StationaryManagement/trustManagement/backend/internal/cash/cash.go:219
[0m[33m[8.122ms] [34;1m[rows:1][0m INSERT INTO `cash_denominations` (`entity_type`,`entity_id`,`denomination_value`,`quantity`,`total_amount`) VALUES ('DAILY_CLOSING',4,1,0,'0')

2026/08/14 18:32:58 [32mC:/Users/ARMSS GROUPS/Documents/Stationery_Management/StationaryManagement/trustManagement/backend/internal/cash/cash.go:219
[0m[33m[1.987ms] [34;1m[rows:1][0m INSERT INTO `cash_denominations` (`entity_type`,`entity_id`,`denomination_value`,`quantity`,`total_amount`) VALUES ('DAILY_CLOSING',4,2,0,'0')

2026/08/14 18:32:58 [32mC:/Users/ARMSS GROUPS/Documents/Stationery_Management/StationaryManagement/trustManagement/backend/internal/cash/cash.go:219
[0m[33m[1.113ms] [34;1m[rows:1][0m INSERT INTO `cash_denominations` (`entity_type`,`entity_id`,`denomination_value`,`quantity`,`total_amount`) VALUES ('DAILY_CLOSING',4,5,0,'0')

2026/08/14 18:32:58 [32mC:/Users/ARMSS GROUPS/Documents/Stationery_Management/StationaryManagement/trustManagement/backend/internal/cash/cash.go:219
[0m[33m[0.552ms] [34;1m[rows:1][0m INSERT INTO `cash_denominations` (`entity_type`,`entity_id`,`denomination_value`,`quantity`,`total_amount`) VALUES ('DAILY_CLOSING',4,10,0,'0')

2026/08/14 18:32:58 [32mC:/Users/ARMSS GROUPS/Documents/Stationery_Management/StationaryManagement/trustManagement/backend/internal/cash/cash.go:219
[0m[33m[0.579ms] [34;1m[rows:1][0m INSERT INTO `cash_denominations` (`entity_type`,`entity_id`,`denomination_value`,`quantity`,`total_amount`) VALUES ('DAILY_CLOSING',4,20,0,'0')

2026/08/14 18:32:58 [32mC:/Users/ARMSS GROUPS/Documents/Stationery_Management/StationaryManagement/trustManagement/backend/internal/cash/cash.go:219
[0m[33m[1.102ms] [34;1m[rows:1][0m INSERT INTO `cash_denominations` (`entity_type`,`entity_id`,`denomination_value`,`quantity`,`total_amount`) VALUES ('DAILY_CLOSING',4,50,1,'50')

2026/08/14 18:32:58 [32mC:/Users/ARMSS GROUPS/Documents/Stationery_Management/StationaryManagement/trustManagement/backend/internal/cash/cash.go:219
[0m[33m[0.574ms] [34;1m[rows:1][0m INSERT INTO `cash_denominations` (`entity_type`,`entity_id`,`denomination_value`,`quantity`,`total_amount`) VALUES ('DAILY_CLOSING',4,100,0,'0')

2026/08/14 18:32:58 [32mC:/Users/ARMSS GROUPS/Documents/Stationery_Management/StationaryManagement/trustManagement/backend/internal/cash/cash.go:219
[0m[33m[1.023ms] [34;1m[rows:1][0m INSERT INTO `cash_denominations` (`entity_type`,`entity_id`,`denomination_value`,`quantity`,`total_amount`) VALUES ('DAILY_CLOSING',4,200,1,'200')

2026/08/14 18:32:58 [32mC:/Users/ARMSS GROUPS/Documents/Stationery_Management/StationaryManagement/trustManagement/backend/internal/cash/cash.go:219
[0m[33m[0.509ms] [34;1m[rows:1][0m INSERT INTO `cash_denominations` (`entity_type`,`entity_id`,`denomination_value`,`quantity`,`total_amount`) VALUES ('DAILY_CLOSING',4,500,6,'3000')

2026/08/14 18:32:58 [32mC:/Users/ARMSS GROUPS/Documents/Stationery_Management/StationaryManagement/trustManagement/backend/internal/cash/cash.go:219
[0m[33m[0.684ms] [34;1m[rows:1][0m INSERT INTO `cash_denominations` (`entity_type`,`entity_id`,`denomination_value`,`quantity`,`total_amount`) VALUES ('DAILY_CLOSING',4,2000,16,'32000')

2026/08/14 18:32:58 [32mC:/Users/ARMSS GROUPS/Documents/Stationery_Management/StationaryManagement/trustManagement/backend/internal/shared/cashfigures.go:64
[0m[33m[0.677ms] [34;1m[rows:1][0m SELECT COALESCE(SUM(amount), 0) FROM `cash_transactions` WHERE business_date = '2026-08-14' AND transaction_type = 'INFLOW'

2026/08/14 18:32:58 [32mC:/Users/ARMSS GROUPS/Documents/Stationery_Management/StationaryManagement/trustManagement/backend/internal/shared/cashfigures.go:69
[0m[33m[0.563ms] [34;1m[rows:1][0m SELECT COALESCE(SUM(amount), 0) FROM `cash_transactions` WHERE business_date = '2026-08-14' AND transaction_type = 'OUTFLOW'

2026/08/14 18:32:58 [32mC:/Users/ARMSS GROUPS/Documents/Stationery_Management/StationaryManagement/trustManagement/backend/internal/cash/cash.go:237
[0m[33m[3.733ms] [34;1m[rows:0][0m UPDATE `daily_closings` SET `business_date`='2026-08-14 00:00:00',`status`='UNLOCKED',`opening_cash`='12000',`cash_inflow`='23850',`cash_outflow`='600',`expected_closing_cash`='35250',`physical_cash_count`='35250',`cash_difference`='0',`closed_by_id`=1,`closed_at`='2026-08-14 16:48:28.411' WHERE `id` = 4

2026/08/14 18:32:58 [32mC:/Users/ARMSS GROUPS/Documents/Stationery_Management/StationaryManagement/trustManagement/backend/internal/cash/cash.go:237
[0m[33m[2.925ms] [34;1m[rows:0][0m INSERT INTO `daily_closings` (`business_date`,`status`,`opening_cash`,`cash_inflow`,`cash_outflow`,`expected_closing_cash`,`physical_cash_count`,`cash_difference`,`closed_by_id`,`closed_at`,`id`) VALUES ('2026-08-14 00:00:00','UNLOCKED','12000','23850','600','35250','35250','0',1,'2026-08-14 16:48:28.411',4) ON DUPLICATE KEY UPDATE `business_date`=VALUES(`business_date`),`status`=VALUES(`status`),`opening_cash`=VALUES(`opening_cash`),`cash_inflow`=VALUES(`cash_inflow`),`cash_outflow`=VALUES(`cash_outflow`),`expected_closing_cash`=VALUES(`expected_closing_cash`),`physical_cash_count`=VALUES(`physical_cash_count`),`cash_difference`=VALUES(`cash_difference`),`closed_by_id`=VALUES(`closed_by_id`),`closed_at`=VALUES(`closed_at`)
[90m6:32PM[0m [32mINF[0m [1mHTTP Request[0m [36mip=[0m::1 [36mlatency=[0m36.5202 [36mmethod=[0mPOST [36mpath=[0m/api/v1/cash/denominations [36mstatus=[0m200

2026/08/14 18:32:58 [32mC:/Users/ARMSS GROUPS/Documents/Stationery_Management/StationaryManagement/trustManagement/backend/internal/cash/cash.go:34
[0m[33m[0.000ms] [34;1m[rows:1][0m SELECT COALESCE(SUM(amount), 0) FROM `cash_transactions` WHERE business_date = '2026-08-14' AND transaction_type = 'INFLOW'

2026/08/14 18:32:58 [32mC:/Users/ARMSS GROUPS/Documents/Stationery_Management/StationaryManagement/trustManagement/backend/internal/cash/cash.go:39
[0m[33m[0.000ms] [34;1m[rows:1][0m SELECT COALESCE(SUM(amount), 0) FROM `cash_transactions` WHERE business_date = '2026-08-14' AND transaction_type = 'OUTFLOW'

2026/08/14 18:32:58 [32mC:/Users/ARMSS GROUPS/Documents/Stationery_Management/StationaryManagement/trustManagement/backend/internal/cash/cash.go:42
[0m[33m[2.024ms] [34;1m[rows:1][0m SELECT * FROM `daily_closings` WHERE business_date = '2026-08-14' ORDER BY `daily_closings`.`id` LIMIT 1

2026/08/14 18:32:58 [32mC:/Users/ARMSS GROUPS/Documents/Stationery_Management/StationaryManagement/trustManagement/backend/internal/cash/cash.go:56
[0m[33m[1.275ms] [34;1m[rows:10][0m SELECT * FROM `cash_denominations` WHERE entity_type = 'DAILY_CLOSING' AND entity_id = 4

2026/08/14 18:32:58 [32mC:/Users/ARMSS GROUPS/Documents/Stationery_Management/StationaryManagement/trustManagement/backend/internal/cash/cash.go:77
[0m[33m[0.000ms] [34;1m[rows:2][0m SELECT * FROM `donors` WHERE `donors`.`id` IN (1,4)

2026/08/14 18:32:58 [32mC:/Users/ARMSS GROUPS/Documents/Stationery_Management/StationaryManagement/trustManagement/backend/internal/cash/cash.go:77
[0m[33m[0.000ms] [34;1m[rows:2][0m SELECT * FROM `schemes` WHERE `schemes`.`id` IN (7,6)

2026/08/14 18:32:58 [32mC:/Users/ARMSS GROUPS/Documents/Stationery_Management/StationaryManagement/trustManagement/backend/internal/cash/cash.go:77
[0m[33m[2.836ms] [34;1m[rows:7][0m SELECT * FROM `donations` WHERE business_date = '2026-08-14' AND payment_mode = 'CASH'

2026/08/14 18:32:58 [32mC:/Users/ARMSS GROUPS/Documents/Stationery_Management/StationaryManagement/trustManagement/backend/internal/cash/cash.go:131
[0m[33m[5.766ms] [34;1m[rows:2][0m SELECT * FROM `expenses` WHERE business_date = '2026-08-14' AND payment_mode = 'CASH'
[90m6:32PM[0m [32mINF[0m [1mHTTP Request[0m [36mip=[0m::1 [36mlatency=[0m21.614 [36mmethod=[0mGET [36mpath=[0m/api/v1/cash/summary?date=2026-08-14 [36mstatus=[0m200

2026/08/14 18:33:06 [32mC:/Users/ARMSS GROUPS/Documents/Stationery_Management/StationaryManagement/trustManagement/backend/internal/closing/closing.go:77
[0m[33m[1.117ms] [34;1m[rows:1][0m SELECT * FROM `daily_closings` WHERE business_date = '2026-08-14' ORDER BY `daily_closings`.`id` LIMIT 1

2026/08/14 18:33:06 [32mC:/Users/ARMSS GROUPS/Documents/Stationery_Management/StationaryManagement/trustManagement/backend/internal/shared/cashfigures.go:64
[0m[33m[6.952ms] [34;1m[rows:1][0m SELECT COALESCE(SUM(amount), 0) FROM `cash_transactions` WHERE business_date = '2026-08-14' AND transaction_type = 'INFLOW'

2026/08/14 18:33:06 [32mC:/Users/ARMSS GROUPS/Documents/Stationery_Management/StationaryManagement/trustManagement/backend/internal/shared/cashfigures.go:69
[0m[33m[1.573ms] [34;1m[rows:1][0m SELECT COALESCE(SUM(amount), 0) FROM `cash_transactions` WHERE business_date = '2026-08-14' AND transaction_type = 'OUTFLOW'

2026/08/14 18:33:06 [32mC:/Users/ARMSS GROUPS/Documents/Stationery_Management/StationaryManagement/trustManagement/backend/internal/closing/closing.go:109
[0m[33m[2.500ms] [34;1m[rows:1][0m UPDATE `daily_closings` SET `business_date`='2026-08-14 00:00:00',`status`='CLOSED',`opening_cash`='12000',`cash_inflow`='23850',`cash_outflow`='600',`expected_closing_cash`='35250',`physical_cash_count`='35250',`cash_difference`='0',`closed_by_id`=1,`closed_at`='2026-08-14 18:33:06.065' WHERE `id` = 4

2026/08/14 18:33:06 [32mC:/Users/ARMSS GROUPS/Documents/Stationery_Management/StationaryManagement/trustManagement/backend/internal/closing/closing.go:127
[0m[33m[16.029ms] [34;1m[rows:1][0m INSERT INTO `audit_logs` (`user_id`,`action`,`entity_name`,`entity_id`,`before_data`,`after_data`,`reason`,`ip_address`,`created_at`) VALUES (1,'DAILY_CLOSING_LOCKED','DailyClosing',4,'null','{"id":4,"business_date":"2026-08-14T00:00:00+05:30","status":"CLOSED","opening_cash":12000,"cash_inflow":23850,"cash_outflow":600,"expected_closing_cash":35250,"physical_cash_count":35250,"cash_difference":0,"closed_by":1,"closed_at":"2026-08-14T18:33:06.0658745+05:30"}','Business day 2026-08-14 locked by staff/admin. Physical Cash: ₹35250.00, Expected: ₹35250.00, Diff: ₹0.00','::1','2026-08-14 18:33:06.07')
[90m6:33PM[0m [32mINF[0m [1mHTTP Request[0m [36mip=[0m::1 [36mlatency=[0m43.058 [36mmethod=[0mPOST [36mpath=[0m/api/v1/closing/execute [36mstatus=[0m200

2026/08/14 18:33:06 [32mC:/Users/ARMSS GROUPS/Documents/Stationery_Management/StationaryManagement/trustManagement/backend/internal/cash/cash.go:34
[0m[33m[1.744ms] [34;1m[rows:1][0m SELECT COALESCE(SUM(amount), 0) FROM `cash_transactions` WHERE business_date = '2026-08-14' AND transaction_type = 'INFLOW'

2026/08/14 18:33:06 [32mC:/Users/ARMSS GROUPS/Documents/Stationery_Management/StationaryManagement/trustManagement/backend/internal/cash/cash.go:39
[0m[33m[2.020ms] [34;1m[rows:1][0m SELECT COALESCE(SUM(amount), 0) FROM `cash_transactions` WHERE business_date = '2026-08-14' AND transaction_type = 'OUTFLOW'

2026/08/14 18:33:06 [32mC:/Users/ARMSS GROUPS/Documents/Stationery_Management/StationaryManagement/trustManagement/backend/internal/cash/cash.go:42
[0m[33m[0.000ms] [34;1m[rows:1][0m SELECT * FROM `daily_closings` WHERE business_date = '2026-08-14' ORDER BY `daily_closings`.`id` LIMIT 1

2026/08/14 18:33:06 [32mC:/Users/ARMSS GROUPS/Documents/Stationery_Management/StationaryManagement/trustManagement/backend/internal/cash/cash.go:56
[0m[33m[7.784ms] [34;1m[rows:10][0m SELECT * FROM `cash_denominations` WHERE entity_type = 'DAILY_CLOSING' AND entity_id = 4

2026/08/14 18:33:06 [32mC:/Users/ARMSS GROUPS/Documents/Stationery_Management/StationaryManagement/trustManagement/backend/internal/cash/cash.go:77
[0m[33m[1.761ms] [34;1m[rows:2][0m SELECT * FROM `donors` WHERE `donors`.`id` IN (1,4)

2026/08/14 18:33:06 [32mC:/Users/ARMSS GROUPS/Documents/Stationery_Management/StationaryManagement/trustManagement/backend/internal/cash/cash.go:77
[0m[33m[1.915ms] [34;1m[rows:2][0m SELECT * FROM `schemes` WHERE `schemes`.`id` IN (7,6)

2026/08/14 18:33:06 [32mC:/Users/ARMSS GROUPS/Documents/Stationery_Management/StationaryManagement/trustManagement/backend/internal/cash/cash.go:77
[0m[33m[6.214ms] [34;1m[rows:7][0m SELECT * FROM `donations` WHERE business_date = '2026-08-14' AND payment_mode = 'CASH'

2026/08/14 18:33:06 [32mC:/Users/ARMSS GROUPS/Documents/Stationery_Management/StationaryManagement/trustManagement/backend/internal/cash/cash.go:131
[0m[33m[0.519ms] [34;1m[rows:2][0m SELECT * FROM `expenses` WHERE business_date = '2026-08-14' AND payment_mode = 'CASH'
[90m6:33PM[0m [32mINF[0m [1mHTTP Request[0m [36mip=[0m::1 [36mlatency=[0m22.3296 [36mmethod=[0mGET [36mpath=[0m/api/v1/cash/summary?date=2026-08-14 [36mstatus=[0m200

2026/08/14 18:33:09 [32mC:/Users/ARMSS GROUPS/Documents/Stationery_Management/StationaryManagement/trustManagement/backend/internal/bank/bank.go:29
[0m[33m[2.016ms] [34;1m[rows:5][0m SELECT * FROM `bank_accounts` ORDER BY id desc
[90m6:33PM[0m [32mINF[0m [1mHTTP Request[0m [36mip=[0m::1 [36mlatency=[0m29.0276 [36mmethod=[0mGET [36mpath=[0m/api/v1/bank-accounts [36mstatus=[0m200

2026/08/14 18:33:09 [32mC:/Users/ARMSS GROUPS/Documents/Stationery_Management/StationaryManagement/trustManagement/backend/internal/bank/bank.go:29
[0m[33m[17.819ms] [34;1m[rows:5][0m SELECT * FROM `bank_accounts` ORDER BY id desc
[90m6:33PM[0m [32mINF[0m [1mHTTP Request[0m [36mip=[0m::1 [36mlatency=[0m17.8193 [36mmethod=[0mGET [36mpath=[0m/api/v1/bank-accounts [36mstatus=[0m200

2026/08/14 18:33:09 [32mC:/Users/ARMSS GROUPS/Documents/Stationery_Management/StationaryManagement/trustManagement/backend/internal/bank/bank.go:351
[0m[33m[2.025ms] [34;1m[rows:5][0m SELECT * FROM `bank_accounts`

2026/08/14 18:33:09 [32mC:/Users/ARMSS GROUPS/Documents/Stationery_Management/StationaryManagement/trustManagement/backend/internal/bank/bank.go:540
[0m[33m[2.016ms] [34;1m[rows:1][0m SELECT * FROM `bank_accounts` WHERE `bank_accounts`.`id` = 1 ORDER BY `bank_accounts`.`id` LIMIT 1

2026/08/14 18:33:09 [32mC:/Users/ARMSS GROUPS/Documents/Stationery_Management/StationaryManagement/trustManagement/backend/internal/bank/bank.go:540
[0m[33m[0.000ms] [34;1m[rows:1][0m SELECT * FROM `bank_accounts` WHERE `bank_accounts`.`id` = 2 ORDER BY `bank_accounts`.`id` LIMIT 1

2026/08/14 18:33:09 [32mC:/Users/ARMSS GROUPS/Documents/Stationery_Management/StationaryManagement/trustManagement/backend/internal/bank/bank.go:548
[0m[33m[0.513ms] [34;1m[rows:1][0m SELECT * FROM `bank_closings` WHERE bank_account_id = 2 AND business_date = '2026-08-14' ORDER BY `bank_closings`.`id` LIMIT 1
[90m6:33PM[0m [32mINF[0m [1mHTTP Request[0m [36mip=[0m::1 [36mlatency=[0m12.7733 [36mmethod=[0mGET [36mpath=[0m/api/v1/bank-accounts/2/closing-status?date=2026-08-14 [36mstatus=[0m200

2026/08/14 18:33:09 [32mC:/Users/ARMSS GROUPS/Documents/Stationery_Management/StationaryManagement/trustManagement/backend/internal/bank/bank.go:540
[0m[33m[0.000ms] [34;1m[rows:1][0m SELECT * FROM `bank_accounts` WHERE `bank_accounts`.`id` = 2 ORDER BY `bank_accounts`.`id` LIMIT 1

2026/08/14 18:33:09 [32mC:/Users/ARMSS GROUPS/Documents/Stationery_Management/StationaryManagement/trustManagement/backend/internal/bank/bank.go:548
[0m[33m[2.014ms] [34;1m[rows:1][0m SELECT * FROM `bank_closings` WHERE bank_account_id = 2 AND business_date = '2026-08-14' ORDER BY `bank_closings`.`id` LIMIT 1
[90m6:33PM[0m [32mINF[0m [1mHTTP Request[0m [36mip=[0m::1 [36mlatency=[0m2.0136 [36mmethod=[0mGET [36mpath=[0m/api/v1/bank-accounts/2/closing-status?date=2026-08-14 [36mstatus=[0m200

2026/08/14 18:33:09 [32mC:/Users/ARMSS GROUPS/Documents/Stationery_Management/StationaryManagement/trustManagement/backend/internal/bank/bank.go:540
[0m[33m[63.953ms] [34;1m[rows:1][0m SELECT * FROM `bank_accounts` WHERE `bank_accounts`.`id` = 3 ORDER BY `bank_accounts`.`id` LIMIT 1

2026/08/14 18:33:09 [32mC:/Users/ARMSS GROUPS/Documents/Stationery_Management/StationaryManagement/trustManagement/backend/internal/bank/bank.go:540
[0m[33m[19.215ms] [34;1m[rows:1][0m SELECT * FROM `bank_accounts` WHERE `bank_accounts`.`id` = 4 ORDER BY `bank_accounts`.`id` LIMIT 1

2026/08/14 18:33:09 [32mC:/Users/ARMSS GROUPS/Documents/Stationery_Management/StationaryManagement/trustManagement/backend/internal/bank/bank.go:540
[0m[33m[1.222ms] [34;1m[rows:1][0m SELECT * FROM `bank_accounts` WHERE `bank_accounts`.`id` = 5 ORDER BY `bank_accounts`.`id` LIMIT 1

2026/08/14 18:33:09 [32mC:/Users/ARMSS GROUPS/Documents/Stationery_Management/StationaryManagement/trustManagement/backend/internal/bank/bank.go:548
[0m[33m[3.378ms] [34;1m[rows:1][0m SELECT * FROM `bank_closings` WHERE bank_account_id = 3 AND business_date = '2026-08-14' ORDER BY `bank_closings`.`id` LIMIT 1
[90m6:33PM[0m [32mINF[0m [1mHTTP Request[0m [36mip=[0m::1 [36mlatency=[0m69.3483 [36mmethod=[0mGET [36mpath=[0m/api/v1/bank-accounts/3/closing-status?date=2026-08-14 [36mstatus=[0m200

2026/08/14 18:33:09 [32mC:/Users/ARMSS GROUPS/Documents/Stationery_Management/StationaryManagement/trustManagement/backend/internal/bank/bank.go:548
[0m[33m[2.017ms] [34;1m[rows:1][0m SELECT * FROM `bank_closings` WHERE bank_account_id = 4 AND business_date = '2026-08-14' ORDER BY `bank_closings`.`id` LIMIT 1
[90m6:33PM[0m [32mINF[0m [1mHTTP Request[0m [36mip=[0m::1 [36mlatency=[0m21.7491 [36mmethod=[0mGET [36mpath=[0m/api/v1/bank-accounts/4/closing-status?date=2026-08-14 [36mstatus=[0m200

2026/08/14 18:33:09 [32mC:/Users/ARMSS GROUPS/Documents/Stationery_Management/StationaryManagement/trustManagement/backend/internal/bank/bank.go:548
[0m[33m[13.893ms] [34;1m[rows:1][0m SELECT * FROM `bank_closings` WHERE bank_account_id = 5 AND business_date = '2026-08-14' ORDER BY `bank_closings`.`id` LIMIT 1
[90m6:33PM[0m [32mINF[0m [1mHTTP Request[0m [36mip=[0m::1 [36mlatency=[0m15.1144 [36mmethod=[0mGET [36mpath=[0m/api/v1/bank-accounts/5/closing-status?date=2026-08-14 [36mstatus=[0m200

2026/08/14 18:33:09 [32mC:/Users/ARMSS GROUPS/Documents/Stationery_Management/StationaryManagement/trustManagement/backend/internal/bank/bank.go:540
[0m[33m[2.124ms] [34;1m[rows:1][0m SELECT * FROM `bank_accounts` WHERE `bank_accounts`.`id` = 4 ORDER BY `bank_accounts`.`id` LIMIT 1

2026/08/14 18:33:09 [32mC:/Users/ARMSS GROUPS/Documents/Stationery_Management/StationaryManagement/trustManagement/backend/internal/bank/bank.go:548
[0m[33m[104.767ms] [34;1m[rows:1][0m SELECT * FROM `bank_closings` WHERE bank_account_id = 1 AND business_date = '2026-08-14' ORDER BY `bank_closings`.`id` LIMIT 1
[90m6:33PM[0m [32mINF[0m [1mHTTP Request[0m [36mip=[0m::1 [36mlatency=[0m106.7829 [36mmethod=[0mGET [36mpath=[0m/api/v1/bank-accounts/1/closing-status?date=2026-08-14 [36mstatus=[0m200

2026/08/14 18:33:09 [32mC:/Users/ARMSS GROUPS/Documents/Stationery_Management/StationaryManagement/trustManagement/backend/internal/bank/bank.go:374
[0m[33m[114.751ms] [34;1m[rows:4][0m SELECT bank_transactions.bank_account_id as bank_account_id,
			bank_transactions.amount as amount,
			bank_transactions.business_date as business_date,
			bank_transactions.source_type as source_type,
			bank_transactions.reference_number as tx_reference,
			COALESCE(schemes.name, '') as scheme_name,
			COALESCE(schemes.food_type, '') as food_type,
			COALESCE(schemes.meal_type, '') as meal_type,
			COALESCE(schemes.category, '') as category,
			COALESCE(donations.purpose, '') as purpose,
			COALESCE(donations.reference_number, '') as reference_number,
			COALESCE(donors.full_name, '') as donor_name FROM `bank_transactions` LEFT JOIN donations ON bank_transactions.source_type = 'DONATION' AND bank_transactions.source_id = donations.id LEFT JOIN schemes ON schemes.id = donations.scheme_id LEFT JOIN donors ON donors.id = donations.donor_id WHERE bank_transactions.transaction_type = 'CREDIT' AND bank_transactions.business_date = '2026-08-14'

2026/08/14 18:33:09 [32mC:/Users/ARMSS GROUPS/Documents/Stationery_Management/StationaryManagement/trustManagement/backend/internal/bank/bank.go:389
[0m[33m[9.285ms] [34;1m[rows:0][0m SELECT bank_transactions.bank_account_id as bank_account_id,
			bank_transactions.amount as amount,
			bank_transactions.business_date as business_date,
			bank_transactions.source_type as source_type,
			bank_transactions.reference_number as tx_reference,
			bank_transactions.category as category,
			COALESCE(expenses.payee_name, '') as payee_name,
			COALESCE(expenses.description, '') as description,
			COALESCE(expenses.reference_number, '') as expense_ref FROM `bank_transactions` LEFT JOIN expenses ON bank_transactions.source_type = 'EXPENSE' AND bank_transactions.source_id = expenses.id WHERE bank_transactions.transaction_type = 'DEBIT' AND bank_transactions.business_date = '2026-08-14'

2026/08/14 18:33:09 [32mC:/Users/ARMSS GROUPS/Documents/Stationery_Management/StationaryManagement/trustManagement/backend/internal/bank/bank.go:548
[0m[33m[9.205ms] [34;1m[rows:1][0m SELECT * FROM `bank_closings` WHERE bank_account_id = 4 AND business_date = '2026-08-14' ORDER BY `bank_closings`.`id` LIMIT 1

2026/08/14 18:33:09 [32mC:/Users/ARMSS GROUPS/Documents/Stationery_Management/StationaryManagement/trustManagement/backend/internal/bank/bank.go:540
[0m[33m[0.000ms] [34;1m[rows:1][0m SELECT * FROM `bank_accounts` WHERE `bank_accounts`.`id` = 1 ORDER BY `bank_accounts`.`id` LIMIT 1
[90m6:33PM[0m [32mINF[0m [1mHTTP Request[0m [36mip=[0m::1 [36mlatency=[0m17.02 [36mmethod=[0mGET [36mpath=[0m/api/v1/bank-accounts/4/closing-status?date=2026-08-14 [36mstatus=[0m200

2026/08/14 18:33:09 [32mC:/Users/ARMSS GROUPS/Documents/Stationery_Management/StationaryManagement/trustManagement/backend/internal/bank/bank.go:540
[0m[33m[2.551ms] [34;1m[rows:1][0m SELECT * FROM `bank_accounts` WHERE `bank_accounts`.`id` = 5 ORDER BY `bank_accounts`.`id` LIMIT 1

2026/08/14 18:33:09 [32mC:/Users/ARMSS GROUPS/Documents/Stationery_Management/StationaryManagement/trustManagement/backend/internal/shared/cashfigures.go:42
[0m[33m[7.236ms] [34;1m[rows:1][0m SELECT actual_closing FROM `bank_closings` WHERE bank_account_id = 1 AND business_date < '2026-08-14' ORDER BY business_date DESC LIMIT 1

2026/08/14 18:33:09 [32mC:/Users/ARMSS GROUPS/Documents/Stationery_Management/StationaryManagement/trustManagement/backend/internal/bank/bank.go:540
[0m[33m[36.930ms] [34;1m[rows:1][0m SELECT * FROM `bank_accounts` WHERE `bank_accounts`.`id` = 3 ORDER BY `bank_accounts`.`id` LIMIT 1

2026/08/14 18:33:09 [32mC:/Users/ARMSS GROUPS/Documents/Stationery_Management/StationaryManagement/trustManagement/backend/internal/bank/bank.go:548
[0m[33m[2.520ms] [34;1m[rows:1][0m SELECT * FROM `bank_closings` WHERE bank_account_id = 1 AND business_date = '2026-08-14' ORDER BY `bank_closings`.`id` LIMIT 1
[90m6:33PM[0m [32mINF[0m [1mHTTP Request[0m [36mip=[0m::1 [36mlatency=[0m7.8026 [36mmethod=[0mGET [36mpath=[0m/api/v1/bank-accounts/1/closing-status?date=2026-08-14 [36mstatus=[0m200

2026/08/14 18:33:09 [32mC:/Users/ARMSS GROUPS/Documents/Stationery_Management/StationaryManagement/trustManagement/backend/internal/bank/bank.go:548
[0m[33m[10.194ms] [34;1m[rows:1][0m SELECT * FROM `bank_closings` WHERE bank_account_id = 3 AND business_date = '2026-08-14' ORDER BY `bank_closings`.`id` LIMIT 1
[90m6:33PM[0m [32mINF[0m [1mHTTP Request[0m [36mip=[0m::1 [36mlatency=[0m47.1239 [36mmethod=[0mGET [36mpath=[0m/api/v1/bank-accounts/3/closing-status?date=2026-08-14 [36mstatus=[0m200

2026/08/14 18:33:09 [32mC:/Users/ARMSS GROUPS/Documents/Stationery_Management/StationaryManagement/trustManagement/backend/internal/bank/bank.go:548
[0m[33m[12.202ms] [34;1m[rows:1][0m SELECT * FROM `bank_closings` WHERE bank_account_id = 5 AND business_date = '2026-08-14' ORDER BY `bank_closings`.`id` LIMIT 1
[90m6:33PM[0m [32mINF[0m [1mHTTP Request[0m [36mip=[0m::1 [36mlatency=[0m18.003 [36mmethod=[0mGET [36mpath=[0m/api/v1/bank-accounts/5/closing-status?date=2026-08-14 [36mstatus=[0m200

2026/08/14 18:33:09 [32mC:/Users/ARMSS GROUPS/Documents/Stationery_Management/StationaryManagement/trustManagement/backend/internal/shared/cashfigures.go:42
[0m[33m[14.779ms] [34;1m[rows:1][0m SELECT actual_closing FROM `bank_closings` WHERE bank_account_id = 2 AND business_date < '2026-08-14' ORDER BY business_date DESC LIMIT 1

2026/08/14 18:33:09 [32mC:/Users/ARMSS GROUPS/Documents/Stationery_Management/StationaryManagement/trustManagement/backend/internal/shared/cashfigures.go:42
[0m[33m[1.661ms] [34;1m[rows:1][0m SELECT actual_closing FROM `bank_closings` WHERE bank_account_id = 3 AND business_date < '2026-08-14' ORDER BY business_date DESC LIMIT 1

2026/08/14 18:33:09 [32mC:/Users/ARMSS GROUPS/Documents/Stationery_Management/StationaryManagement/trustManagement/backend/internal/shared/cashfigures.go:42
[0m[33m[0.000ms] [34;1m[rows:1][0m SELECT actual_closing FROM `bank_closings` WHERE bank_account_id = 4 AND business_date < '2026-08-14' ORDER BY business_date DESC LIMIT 1

2026/08/14 18:33:09 [32mC:/Users/ARMSS GROUPS/Documents/Stationery_Management/StationaryManagement/trustManagement/backend/internal/shared/cashfigures.go:42
[0m[33m[2.175ms] [34;1m[rows:0][0m SELECT actual_closing FROM `bank_closings` WHERE bank_account_id = 5 AND business_date < '2026-08-14' ORDER BY business_date DESC LIMIT 1

2026/08/14 18:33:09 [32mC:/Users/ARMSS GROUPS/Documents/Stationery_Management/StationaryManagement/trustManagement/backend/internal/shared/cashfigures.go:47
[0m[33m[1.152ms] [34;1m[rows:1][0m SELECT count(*) FROM `bank_closings` WHERE bank_account_id = 5 AND business_date < '2026-08-14'
[90m6:33PM[0m [32mINF[0m [1mHTTP Request[0m [36mip=[0m::1 [36mlatency=[0m163.4341 [36mmethod=[0mGET [36mpath=[0m/api/v1/bank-accounts/day-summary?date=2026-08-14 [36mstatus=[0m200

2026/08/14 18:33:09 [32mC:/Users/ARMSS GROUPS/Documents/Stationery_Management/StationaryManagement/trustManagement/backend/internal/bank/bank.go:351
[0m[33m[2.025ms] [34;1m[rows:5][0m SELECT * FROM `bank_accounts`

2026/08/14 18:33:09 [32mC:/Users/ARMSS GROUPS/Documents/Stationery_Management/StationaryManagement/trustManagement/backend/internal/bank/bank.go:374
[0m[33m[0.782ms] [34;1m[rows:4][0m SELECT bank_transactions.bank_account_id as bank_account_id,
			bank_transactions.amount as amount,
			bank_transactions.business_date as business_date,
			bank_transactions.source_type as source_type,
			bank_transactions.reference_number as tx_reference,
			COALESCE(schemes.name, '') as scheme_name,
			COALESCE(schemes.food_type, '') as food_type,
			COALESCE(schemes.meal_type, '') as meal_type,
			COALESCE(schemes.category, '') as category,
			COALESCE(donations.purpose, '') as purpose,
			COALESCE(donations.reference_number, '') as reference_number,
			COALESCE(donors.full_name, '') as donor_name FROM `bank_transactions` LEFT JOIN donations ON bank_transactions.source_type = 'DONATION' AND bank_transactions.source_id = donations.id LEFT JOIN schemes ON schemes.id = donations.scheme_id LEFT JOIN donors ON donors.id = donations.donor_id WHERE bank_transactions.transaction_type = 'CREDIT' AND bank_transactions.business_date = '2026-08-14'

2026/08/14 18:33:09 [32mC:/Users/ARMSS GROUPS/Documents/Stationery_Management/StationaryManagement/trustManagement/backend/internal/bank/bank.go:389
[0m[33m[7.462ms] [34;1m[rows:0][0m SELECT bank_transactions.bank_account_id as bank_account_id,
			bank_transactions.amount as amount,
			bank_transactions.business_date as business_date,
			bank_transactions.source_type as source_type,
			bank_transactions.reference_number as tx_reference,
			bank_transactions.category as category,
			COALESCE(expenses.payee_name, '') as payee_name,
			COALESCE(expenses.description, '') as description,
			COALESCE(expenses.reference_number, '') as expense_ref FROM `bank_transactions` LEFT JOIN expenses ON bank_transactions.source_type = 'EXPENSE' AND bank_transactions.source_id = expenses.id WHERE bank_transactions.transaction_type = 'DEBIT' AND bank_transactions.business_date = '2026-08-14'

2026/08/14 18:33:09 [32mC:/Users/ARMSS GROUPS/Documents/Stationery_Management/StationaryManagement/trustManagement/backend/internal/shared/cashfigures.go:42
[0m[33m[2.036ms] [34;1m[rows:1][0m SELECT actual_closing FROM `bank_closings` WHERE bank_account_id = 1 AND business_date < '2026-08-14' ORDER BY business_date DESC LIMIT 1

2026/08/14 18:33:09 [32mC:/Users/ARMSS GROUPS/Documents/Stationery_Management/StationaryManagement/trustManagement/backend/internal/shared/cashfigures.go:42
[0m[33m[0.000ms] [34;1m[rows:1][0m SELECT actual_closing FROM `bank_closings` WHERE bank_account_id = 2 AND business_date < '2026-08-14' ORDER BY business_date DESC LIMIT 1

2026/08/14 18:33:09 [32mC:/Users/ARMSS GROUPS/Documents/Stationery_Management/StationaryManagement/trustManagement/backend/internal/shared/cashfigures.go:42
[0m[33m[0.513ms] [34;1m[rows:1][0m SELECT actual_closing FROM `bank_closings` WHERE bank_account_id = 3 AND business_date < '2026-08-14' ORDER BY business_date DESC LIMIT 1

2026/08/14 18:33:09 [32mC:/Users/ARMSS GROUPS/Documents/Stationery_Management/StationaryManagement/trustManagement/backend/internal/shared/cashfigures.go:42
[0m[33m[2.085ms] [34;1m[rows:1][0m SELECT actual_closing FROM `bank_closings` WHERE bank_account_id = 4 AND business_date < '2026-08-14' ORDER BY business_date DESC LIMIT 1

2026/08/14 18:33:09 [32mC:/Users/ARMSS GROUPS/Documents/Stationery_Management/StationaryManagement/trustManagement/backend/internal/shared/cashfigures.go:42
[0m[33m[8.984ms] [34;1m[rows:0][0m SELECT actual_closing FROM `bank_closings` WHERE bank_account_id = 5 AND business_date < '2026-08-14' ORDER BY business_date DESC LIMIT 1

2026/08/14 18:33:09 [32mC:/Users/ARMSS GROUPS/Documents/Stationery_Management/StationaryManagement/trustManagement/backend/internal/shared/cashfigures.go:47
[0m[33m[3.249ms] [34;1m[rows:1][0m SELECT count(*) FROM `bank_closings` WHERE bank_account_id = 5 AND business_date < '2026-08-14'
[90m6:33PM[0m [32mINF[0m [1mHTTP Request[0m [36mip=[0m::1 [36mlatency=[0m34.5281 [36mmethod=[0mGET [36mpath=[0m/api/v1/bank-accounts/day-summary?date=2026-08-14 [36mstatus=[0m200
